受理单位,分类,主题,受理时间,办结时间,办理状态
部门,"
投诉
",河北廊坊三河市燕郊交通中队咨询电话为空号,"
2020-02-02
","
2020-04-29
","已办结
"
部门,"
投诉
",河北廊坊大厂路径阳光城停车位收费是否合理？,"
2020-04-24
","
2020-04-29
","已办结
"
部门,"
投诉
",河北定州市东西里元社区健身广场夜晚无照明 形式主义,"
2020-04-23
","
2020-04-29
","已办结
"
部门,"
投诉
",唐山唐古路与钢厂道交叉口违停现场严重,"
2020-04-24
","
2020-04-28
","已办结
"
部门,"
投诉
",河北廊坊固安剑桥郡小区经常性停电 盼解决,"
2020-04-21
","
2020-04-28
","已办结
"
部门,"
投诉
",河北邯郸丛台区汉城华都小区东区工地噪音扰民,"
2020-04-23
","
2020-04-28
","已办结
"
部门,"
投诉
",河北唐山路北区钢城水岸违章建筑影响采光,"
2020-04-28
","
2020-04-28
","已办结
"
部门,"
投诉
",,"
2020-01-02
","
2020-04-28
","已办结
"
部门,"
投诉
",河北保定市茂业中心企业复工难 物业要求1人20平米,"
2020-03-23
","
2020-04-28
","已办结
"
部门,"
投诉
",河北保定市竞秀区建南社区卫生中心态度差,"
2020-03-26
","
2020-04-28
","已办结
"
部门,"
投诉
",河北保定竞秀区康惠街交警支队宿舍居民如何办健康证,"
2020-03-31
","
2020-04-28
","已办结
"
部门,"
投诉
",河北保定竞秀区对上海集中隔离的入境人员 是否还要集中隔离？,"
2020-04-10
","
2020-04-28
","已办结
"
部门,"
投诉
",河北保定乐凯南大街富昌园对面工地夜间施工噪音严重扰民,"
2020-04-16
","
2020-04-28
","已办结
"
部门,"
投诉
",河北定州迎泰新城A区门前路违停车辆多 出行不便,"
2020-04-27
","
2020-04-28
","已办结
"
部门,"
投诉
",河北承德围场六合店村厕改后没抽粪设施 多数成摆设,"
2020-04-28
","
2020-04-28
","已办结
"
易县卫生健康局,"
投诉
",河北保定易县来自辽宁省大连市人员 有何规定？,"
2020-04-24
","
2020-04-28
","已办结
"
部门,"
投诉
",河北保定涿州范阳路小公园广场舞噪音扰民 声音太大,"
2020-04-28
","
2020-04-28
","已办结
"
部门,"
投诉
",河北保定涿州吉祥胡同没有下水 望组织整修,"
2020-04-24
","
2020-04-28
","已办结
"
部门,"
投诉
",河北沧州献县凤栖园小区地势低洼 排水受阻污水上溢,"
2020-04-27
","
2020-04-28
","已办结
"
部门,"
投诉
",河北邢台县交警大队协警交通事故 迟迟不出责任认定书,"
2020-04-13
","
2020-04-28
","已办结
"
部门,"
投诉
",河北邢台新华北路喜士来酒店门前隔离栏应增出入口 方便坐车,"
2020-04-10
","
2020-04-28
","已办结
"
部门,"
投诉
",河北衡水大庆路榕花街红绿灯红灯时间长造成拥堵,"
2020-04-22
","
2020-04-28
","已办结
"
永年区住建局,"
投诉
",河北邯郸永年区勤政花园小区拖数年未交房,"
2020-04-27
","
2020-04-28
","已办结
"
沧州市运河区教育局,"
咨询
",河北沧州运河区世纪家园小学何时建成？,"
2020-04-22
","
2020-04-28
","已办结
"
部门,"
投诉
",河北唐山市路北区裕华道学院路至大里路几年没修通,"
2020-02-18
","
2020-04-28
","已办结
"
部门,"
投诉
",河北唐山路北容和景苑小区私搭乱建严重,"
2020-03-27
","
2020-04-28
","已办结
"
香河县市场监督管理局,"
投诉
",河北廊坊香河精工邦威家具不让验货不退款 市场局为何不受理？,"
2020-04-27
","
2020-04-28
","已办结
"
衡水市桃城区卫生健康局,"
咨询
",河北衡水桃城区居民要去北京入职 去哪里办健康证明？,"
2020-04-27
","
2020-04-28
","已办结
"
部门,"
投诉
",河北廊坊安次区海棠园物业私自打水井 窃取水资源,"
2020-03-19
","
2020-04-28
","已办结
"
石家庄市长安区住建局,"
投诉
",河北石家庄桃园丽景城何时交房,"
2020-04-24
","
2020-04-28
","已办结
"
石家庄市长安区住建局,"
投诉
",河北石家庄赫石府延期几年不交房,"
2020-04-24
","
2020-04-28
","已办结
"
石家庄市长安区住建局,"
投诉
",河北石家庄乐城贸易城依旧以无退款政策不退款,"
2020-04-24
","
2020-04-28
","已办结
"
三河市自然资源和规划局,"
投诉
",河北廊坊三河农村宅基地房本丢失 如何补办？,"
2020-04-27
","
2020-04-28
","已办结
"
部门,"
投诉
",唐山路北区海航叠山院三期南面巨型土堆无人管,"
2020-04-24
","
2020-04-28
","已办结
"
部门,"
投诉
",河北唐山煤医道与建设路交叉口路面大坑 影响出行,"
2020-04-24
","
2020-04-28
","已办结
"
衡水市卫生健康局,"
咨询
",河北衡水哈院拖欠临时工工资 何时发放？,"
2020-04-26
","
2020-04-28
","已办结
"
邢台市交通运输局,"
投诉
",河北邢台平乡县东位村出行路40年没修 泥泞不堪还要等多久？,"
2020-04-27
","
2020-04-28
","已办结
"
围场满族蒙古族自治县教育…,"
投诉
",,"
2020-04-23
","
2020-04-28
","已办结
"
河北省人才交流服务中心,"
投诉
",河北省人才可接受个人档案吗？电话打不通,"
2020-04-27
","
2020-04-28
","已办结
"
唐山市路北区住房和社区管…,"
投诉
",河北唐山红星楼小区私装地锁 私搭乱建,"
2020-04-23
","
2020-04-28
","已办结
"
石家庄市长安区住建局,"
投诉
",河北石家庄乐城五证不全 商户要求退款,"
2020-04-26
","
2020-04-28
","已办结
"
石家庄市长安区住建局,"
投诉
",河北石家庄市乐城国际贸易城虚假宣传 购房3年还没预售证,"
2020-04-27
","
2020-04-28
","已办结
"
石家庄市长安区教育局,"
咨询
",河北石家庄长安区博雅盛世二期无配套公立幼儿园 如何入园？,"
2020-04-27
","
2020-04-28
","已办结
"
石家庄市长安区住建局,"
投诉
",河北石家庄北部时光虚假宣传 无证售房,"
2020-04-27
","
2020-04-28
","已办结
"
河北省人才交流服务中心,"
投诉
",河北石家庄高校毕业生档案怎么查询？,"
2020-04-27
","
2020-04-28
","已办结
"
石家庄市长安区教育局,"
咨询
",河北石家庄长安区普惠幼儿园补贴仅收到5个月 咋回事？,"
2020-04-27
","
2020-04-28
","已办结
"
保定市人社局,"
投诉
",河北保定城乡建设集团公司扣押离职职员个人档案 不给办,"
2020-04-26
","
2020-04-28
","已办结
"
满城区执法局,"
投诉
",河北保定满城区南关沟南陵山段垃圾成堆 占沟盖房,"
2020-04-20
","
2020-04-28
","已办结
"
遵化市生态环境局,"
投诉
",,"
2020-04-20
","
2020-04-28
","已办结
"
沧县人社局,"
求助
",河北沧州市后侯同兴玻璃公司拖欠工资 讨要3年,"
2020-04-26
","
2020-04-27
","已办结
"
沧县人社局,"
投诉
",河北沧州市沧县前营村环卫工拖欠5个月工资 一直未发放,"
2020-04-26
","
2020-04-27
","已办结
"
白沟新城规划建设局,"
投诉
",河北保定白沟紫金台两年不动工 退款强扣违约金,"
2020-04-08
","
2020-04-27
","已办结
"
白沟新城规划建设局,"
投诉
",河北保定白沟京雄世贸港退房团购服务费不予退还,"
2020-04-08
","
2020-04-27
","已办结
"
白沟新城规划建设局,"
投诉
",河北保定白沟乾城华府售楼部向无购房资质人销售房屋,"
2020-04-08
","
2020-04-27
","已办结
"
沧县人社局,"
投诉
",河北沧州市沧县医院不给上养老保险,"
2020-04-02
","
2020-04-27
","已办结
"
磁县自然资源和规划局,"
投诉
",河北邯郸市磁县京都国际小区多年不能办理房产证,"
2020-04-27
","
2020-04-27
","已办结
"
衡水市公安局,"
投诉
",河北衡水天昊汽车贸易公司以租赁车辆为由 骗取押金,"
2020-04-27
","
2020-04-27
","已办结
"
献县农业农村局,"
投诉
",沧州献县段村乡农村土地确权证迟迟扣押不发放,"
2020-04-27
","
2020-04-27
","已办结
"
献县农业农村局,"
投诉
",沧州献县乐寿镇侯庄村什么时候能完成确权,"
2020-04-27
","
2020-04-27
","已办结
"
献县农业农村局,"
投诉
",河北沧州献县东镇村村民土地被他人确权 如何改回？,"
2020-04-27
","
2020-04-27
","已办结
"
鹿泉区公安局,"
投诉
",河北石家庄鹿泉美特花语城无证售房 无规划认可,"
2020-04-27
","
2020-04-27
","已办结
"
武邑县住建局,"
投诉
",河北省衡水市武邑县九州悦城小区迟迟不签合同 不交房,"
2020-04-07
","
2020-04-27
","已办结
"
高碑店市教育和体育局,"
投诉
",河北保定高碑店东盛实验学校私定教辅资料 做不过来,"
2020-04-16
","
2020-04-27
","已办结
"
河北高速公路集团有限公司,"
投诉
",河北沧州车主ETC乱扣费 多次致电客服不处理,"
2020-04-03
","
2020-04-27
","已办结
"
涉县自然资源和规划局,"
投诉
",邯郸市涉县井店镇违规建鸡场 村民不同意,"
2020-04-26
","
2020-04-27
","已办结
"
燕郊高新区城市管理综合行…,"
投诉
",河北廊坊三河市燕郊嘉诚国际小区号违建 占道经营,"
2020-03-30
","
2020-04-27
","已办结
"
部门,"
投诉
",河北廊坊燕郊燕顺路悦榕湾小木屋扰民严重 疑似违建,"
2020-04-08
","
2020-04-27
","已办结
"
部门,"
投诉
",河北廊坊燕郊冯家府附近非法占地 私搭乱建,"
2020-04-15
","
2020-04-27
","已办结
"
任丘市场监督管理局,"
投诉
",河北沧州任丘市悦城迟迟不返款,"
2020-04-27
","
2020-04-27
","已办结
"
部门,"
投诉
",河北廊坊大厂县赵沟子双赵路东口摆摊占道 右拐不便,"
2020-03-30
","
2020-04-27
","已办结
"
平山镇政府,"
投诉
",河北省石家庄平山县高村回迁房迟迟不给,"
2020-04-22
","
2020-04-27
","已办结
"
石家庄市长安区住建局,"
投诉
",河北石家庄博雅盛世公租房无充电设施 电动车无法充电,"
2020-04-26
","
2020-04-27
","已办结
"
部门,"
投诉
",河北保定市涿州华阳路一违建 长期未拆除,"
2020-04-22
","
2020-04-27
","已办结
"
部门,"
投诉
",河北石家庄外地车如何办理临时通行证,"
2020-04-26
","
2020-04-27
","已办结
"
燕郊高新区城市管理综合行…,"
投诉
",河北廊坊燕郊燕顺路青年新城小区院内建设大量简易房,"
2020-03-26
","
2020-04-27
","已办结
"
枣强生态环境局,"
投诉
",河北衡水枣强县玻璃钢厂紧挨住宅区 味道特别大,"
2020-04-24
","
2020-04-27
","已办结
"
部门,"
投诉
",北京市朝阳区前往河北省承德市应隔离多少天？,"
2020-04-26
","
2020-04-27
","已办结
"
部门,"
投诉
",河北石家庄水木青城小区老旧健身设施被拆除 何时换新？,"
2020-04-27
","
2020-04-27
","已办结
"
部门,"
投诉
",河北石家庄长安区西兆通社区环境脏乱差 与文明城市形象不符,"
2020-04-16
","
2020-04-27
","已办结
"
石家庄市交通运输局,"
投诉
",河北石家庄嗖嗖开呗100元押金难退 已半年多,"
2020-04-26
","
2020-04-27
","已办结
"
衡水市滨湖新区人社局,"
投诉
",衡水滨湖新区南苑大酒店拖欠工资,"
2018-02-05
","
2020-04-27
","已办结
"
衡水市滨湖新区人社局,"
投诉
",衡水滨湖新区马家庄村一工厂工作中绞断右臂 认定非法用工如此难,"
2019-09-23
","
2020-04-27
","已办结
"
衡水市滨湖新区人社局,"
投诉
",,"
2019-09-23
","
2020-04-27
","已办结
"
邢台市住房公积金管理中心,"
投诉
",河北冀中能源住房公积金不能贷款买房 房地产商拒绝办理,"
2020-04-15
","
2020-04-27
","已办结
"
邢台市城管执法局,"
投诉
",河北邢台市佳洲美地集中供热变自供热 望监管,"
2020-04-26
","
2020-04-27
","已办结
"
沧州市公安局交警支队,"
投诉
",河北沧州运河区悦民家园附近私家车乱停放 反映无人管,"
2020-04-16
","
2020-04-27
","已办结
"
沧州市公安局交警支队,"
投诉
",河北沧州宏宇亚龙湾周边乱停车 影响交通,"
2020-04-16
","
2020-04-27
","已办结
"
衡水市城市管理局,"
投诉
",河北衡水市区京大路和人民路道路施工何时开始？,"
2020-04-14
","
2020-04-27
","已办结
"
鹿泉区公安局,"
投诉
",石家庄鹿泉铜冶事故车停车场收取拖车费,"
2019-11-08
","
2020-04-27
","已办结
"
高碑店发展改革局,"
咨询
",2020年河北保定高碑店市农村煤改气收费吗,"
2020-04-21
","
2020-04-27
","已办结
"
部门,"
投诉
",河北唐山开平车管所效率极慢 一个星期无快递数据,"
2020-04-16
","
2020-04-27
","已办结
"
邯郸市住房公积金管理中心,"
投诉
",河北邯郸峰峰集团公积金贷款买房依然无法使用,"
2020-04-26
","
2020-04-27
","已办结
"
部门,"
投诉
",河北唐山开平车管所效率低提档慢 一周没寄出,"
2020-04-21
","
2020-04-27
","已办结
"
部门,"
投诉
",河北廊坊固安县南石匣村破烂不堪 街道木柴堆积无人管理,"
2020-04-03
","
2020-04-27
","已办结
"
灵寿县住建局,"
投诉
",河北石家庄市灵寿县四季花城迟迟不交房,"
2020-04-26
","
2020-04-27
","已办结
"
石家庄市公安局人口管理支…,"
投诉
",河北石家庄市父母双方都是集体户口 新生儿落户收费两千元,"
2020-04-27
","
2020-04-27
","已办结
"
沧州市新华区教育体育局,"
咨询
",河北沧州一民办幼儿园督导评估被遗漏 如何补上整改？,"
2020-04-16
","
2020-04-27
","已办结
"
沧州市新华区教育体育局,"
投诉
",河北沧州沧兴一品幼儿园预收半年园费 不合理,"
2020-04-15
","
2020-04-27
","已办结
"
部门,"
投诉
",河北廊坊固安津狮花园小区私搭乱建 推放杂物,"
2020-03-26
","
2020-04-27
","已办结
"
部门,"
投诉
",河北唐山市车管一分所不给办理车辆夫妻更名 只能过户合规吗？,"
2020-04-21
","
2020-04-27
","已办结
"
廊坊市公安局交警支队,"
咨询
",河北廊坊车管所何时开通提档外转京业务？,"
2020-04-27
","
2020-04-27
","已办结
"
丰南区公安局,"
投诉
",河北唐山丰南春晖路一饭店深夜放音乐 扰民,"
2020-04-26
","
2020-04-27
","已办结
"
高碑店市教育和体育局,"
投诉
",保定高碑店作为法定监护人的家长怎样查询孩子学籍？,"
2019-11-08
","
2020-04-27
","已办结
"
高碑店市教育和体育局,"
投诉
",河北保定市高碑店市崇德实验中学强制学生打卡,"
2020-02-24
","
2020-04-27
","已办结
"
石家庄市税务局,"
咨询
",河北石家庄裕华区二手房如何开具购房发票？,"
2020-04-24
","
2020-04-27
","已办结
"
部门,"
投诉
",河北张家口市桥东区翡翠小镇周边垃圾场臭气熏天,"
2020-04-16
","
2020-04-27
","已办结
"
部门,"
投诉
",去内蒙古办事返廊后需要隔离吗 再去京上班可以吗？,"
2020-04-27
","
2020-04-27
","已办结
"
部门,"
投诉
",河北唐山路北区张兴楼小区南侧板房小饭馆卫生消防太差,"
2020-04-15
","
2020-04-27
","已办结
"
遵化市住建局,"
投诉
",河北唐山遵化龙凤祥苑交房一年半房屋裂缝无人负责,"
2020-04-27
","
2020-04-27
","已办结
"
清河县住房和城乡建设局,"
投诉
",河北邢台清河县太行北路大湖世家小区质量差 无绿化,"
2020-03-30
","
2020-04-27
","已办结
"
清河县住房和城乡建设局,"
投诉
",河北邢台清河县大湖仕家购房十年至今成烂尾楼,"
2020-03-31
","
2020-04-27
","已办结
"
清河县住房和城乡建设局,"
投诉
",河北邢台清河县大湖仕家烂尾楼5年多得不到解决,"
2020-03-31
","
2020-04-27
","已办结
"
清河县住房和城乡建设局,"
投诉
",河北邢台清河大湖仕家交房设施不完善,"
2020-04-01
","
2020-04-27
","已办结
"
清河县住房和城乡建设局,"
投诉
",河北省邢台清河县大湖仕家小区烂尾三年不开工,"
2020-04-01
","
2020-04-27
","已办结
"
部门,"
投诉
",出差合肥回石家庄桥西区还需要办理什么手续？,"
2020-04-24
","
2020-04-27
","已办结
"
廊坊市城市管理综合行政执…,"
投诉
",河北廊坊市大家新城小区违建 望相关部门拆除,"
2020-04-01
","
2020-04-27
","已办结
"
清河县住房和城乡建设局,"
建议
",河北邢台清河滨江小区门禁不开启 人员混杂,"
2020-04-27
","
2020-04-27
","已办结
"
故城县卫生健康局,"
投诉
",,"
2020-04-16
","
2020-04-27
","已办结
"
香河县交通运输局,"
投诉
",河北廊坊香河至北京快938公交车何时恢复运营？,"
2020-04-20
","
2020-04-27
","已办结
"
香河县交通运输局,"
投诉
",河北廊坊香河安平镇到北京的公交车什么时间恢复运行？,"
2020-04-20
","
2020-04-27
","已办结
"
香河县交通运输局,"
建议
",河北廊坊香河居民恳请938快车尽早恢复 解决出行难题,"
2020-04-23
","
2020-04-27
","已办结
"
香河县交通运输局,"
投诉
",河北廊坊香河938快公交车什么时候通车,"
2020-04-26
","
2020-04-27
","已办结
"
乐亭县住建局,"
投诉
",河北唐山乐亭县盛世景湾小交房5年 未办产权证,"
2020-04-26
","
2020-04-27
","已办结
"
沧州市城市管理综合行政执…,"
投诉
",河北沧州颐和文园东门小摊贩占道经营,"
2020-04-21
","
2020-04-27
","已办结
"
新河县住房和城乡建设局,"
投诉
",河北邢台新河县拉菲公馆开发商逾期交房拒付违约金,"
2020-04-26
","
2020-04-27
","已办结
"
唐山市丰润区住建局,"
投诉
",河北唐山丰润宏升君天下拖延不签合同,"
2020-04-27
","
2020-04-27
","已办结
"
部门,"
投诉
",河北唐山市迁西县群众用电难 电网升级停滞3年,"
2020-04-26
","
2020-04-27
","已办结
"
吴桥县公安局,"
咨询
",河北沧州吴桥车管所不给第二次预约驾驶证学习业务 咋办？,"
2020-04-20
","
2020-04-27
","已办结
"
泊头市交通运输局,"
投诉
",河北沧州泊头市狮城驾校学员注销档案 不退费用,"
2020-03-31
","
2020-04-27
","已办结
"
临漳县自然资源和规划局,"
投诉
",河北邯郸临漳城市之星D区什么时候才能办理房产证,"
2020-04-26
","
2020-04-27
","已办结
"
长安区市场监督管理局,"
投诉
",河北石家庄长安区护尔商贸公司销售口罩不合标准 申请退款,"
2020-04-16
","
2020-04-27
","已办结
"
武邑县住建局,"
投诉
",河北衡水武邑清水湾交房不让装修 望监管,"
2020-04-20
","
2020-04-27
","已办结
"
武邑县住建局,"
投诉
",河北衡水武邑清水湾二期已交钥匙不让装修 是住建局规定的吗？,"
2020-04-26
","
2020-04-27
","已办结
"
枣强县自然资源和规划局,"
投诉
",河北衡水枣强县康馨国际契税已交两年 房本不办理,"
2020-04-08
","
2020-04-27
","已办结
"
部门,"
投诉
",河北衡水市南外环赶海饭店圈占公共用地 私自设置路障和起降杆,"
2020-04-21
","
2020-04-27
","已办结
"
邢台市桥西区住建局,"
投诉
",河北邢台盛世中央公馆c1购房8年交房无期,"
2020-04-24
","
2020-04-27
","已办结
"
部门,"
投诉
",上海返回河北石家庄元氏县探亲需要隔离吗,"
2020-04-22
","
2020-04-27
","已办结
"
部门,"
投诉
",河北衡水市桃城区中心北大街路面坑坑洼洼,"
2020-04-22
","
2020-04-27
","已办结
"
临漳县自然资源和规划局,"
投诉
",河北邯郸临漳县邺都华府买房4年至今未办理房产证,"
2020-04-15
","
2020-04-27
","已办结
"
部门,"
投诉
",河北保定涿州市花田路被集市占道 造成安全隐患,"
2020-04-22
","
2020-04-27
","已办结
"
平泉市自然资源和规划局,"
投诉
",河北承德平泉市公园里小区入住2年多 迟迟不给办房产证,"
2020-04-24
","
2020-04-27
","已办结
"
邯郸市生态环境局,"
投诉
",邯郸美食林新城购物广场排风系统噪音大 影响民生,"
2019-07-18
","
2020-04-27
","已办结
"
定州市市场监督管理局,"
投诉
",定州富源燃气缴费只提供公众号缴费 收1元手续费,"
2019-12-03
","
2020-04-27
","已办结
"
邯郸市医疗保障局,"
咨询
",河北邯郸脑梗死慢性病已不能申请吗？,"
2020-04-17
","
2020-04-27
","已办结
"
衡水市公安局,"
投诉
",河北衡水市个人犯罪证明能否可以网上申办？,"
2020-04-27
","
2020-04-27
","已办结
"
遵化市卫生健康局,"
投诉
",河北唐山遵化新店子医院医务人员4个月工资至今未发放,"
2020-04-26
","
2020-04-27
","已办结
"
张家口市交通运输局,"
投诉
",河北张家口允许顺风车运行吗？合法吗?,"
2020-04-21
","
2020-04-27
","已办结
"
衡水市城市管理局,"
投诉
",河北衡水锦绣东城天然气迟迟未通,"
2020-04-27
","
2020-04-27
","已办结
"
涿州市住建局,"
投诉
",河北保定涿州乐亨小区卫生间没水 多年未解决,"
2020-04-14
","
2020-04-27
","已办结
"
部门,"
投诉
",河北张家口市桥东行政审批局附近早餐摊占道经营 收摊太晚无人管,"
2020-04-21
","
2020-04-27
","已办结
"
任丘市公安局,"
投诉
",河北沧州任丘市泰华城府门前无斑马线,"
2020-04-26
","
2020-04-27
","已办结
"
沧县住房和城乡建设局,"
投诉
",河北沧州荣盛四季花语楼盘捆绑销售车位,"
2020-04-15
","
2020-04-27
","已办结
"
石家庄市桥西区教育局,"
咨询
",河北石家庄中学生廊坊就读 学籍如何转？,"
2020-04-27
","
2020-04-27
","已办结
"
部门,"
投诉
",河北沧州移动用户号码携转被要求赔付4万多 合理不,"
2020-04-24
","
2020-04-27
","已办结
"
部门,"
投诉
",河北石家庄长安区翟营大街丰泰路泵车堵路,"
2020-04-24
","
2020-04-27
","已办结
"
定州市市场监督管理局,"
投诉
",河北定州鑫海科技被强制要求缴纳燃气保险,"
2020-03-25
","
2020-04-27
","已办结
"
承德县教育局,"
投诉
",河北承德市承德县头沟初中仅放假一天 有点儿累,"
2020-04-15
","
2020-04-27
","已办结
"
承德县教育局,"
投诉
",河北承德市承德县第一中学网课时间过长,"
2020-04-22
","
2020-04-27
","已办结
"
承德县教育局,"
投诉
",河北承德承实高中强制要求学生5点多起床 视频会议站立背书,"
2020-04-24
","
2020-04-27
","已办结
"
承德县教育局,"
投诉
",河北承德承实高中5：40上早自习 高强度网课视力下降快,"
2020-04-24
","
2020-04-27
","已办结
"
定州市市场监督管理局,"
投诉
",河北定州市丰源帝景小区物业水费擅自涨价 盼监管,"
2020-04-23
","
2020-04-27
","已办结
"
定州市市场监督管理局,"
投诉
",河北定州美庭装饰公司不按合同办事 退款无果,"
2020-04-16
","
2020-04-27
","已办结
"
石家庄市鹿泉区人社局,"
投诉
",河北石家庄鹿泉区村民社保卡已制卡成功却未收到 到底在哪儿？,"
2020-04-26
","
2020-04-27
","已办结
"
馆陶县自然资源和规划局,"
投诉
",邯郸馆陶柳湖胜景何时能办不动产证,"
2020-04-26
","
2020-04-27
","已办结
"
涉县自然资源和规划局,"
投诉
",邯郸市涉县御湖天城不给业主开购房发票,"
2020-04-26
","
2020-04-27
","已办结
"
馆陶县自然资源和规划局,"
投诉
",邯郸市馆陶县柳湖圣景小区入住6年至今没办房产证,"
2020-04-26
","
2020-04-27
","已办结
"
涉县自然资源和规划局,"
投诉
",邯郸涉县君子居交房两年不办产权登记证,"
2020-04-26
","
2020-04-27
","已办结
"
涉县自然资源和规划局,"
求助
",邯郸涉县井店华润阳光城小区开发商不给业主办理房产证,"
2020-04-26
","
2020-04-27
","已办结
"
定州市市场监督管理局,"
投诉
",河北定州市富源天然气有限公司强行高价安装燃气报警器,"
2020-01-14
","
2020-04-27
","已办结
"
馆陶县自然资源和规划局,"
投诉
",邯郸馆陶柳湖胜景入住3年多不办理房产证 何时办理？,"
2020-04-26
","
2020-04-27
","已办结
"
馆陶县自然资源和规划局,"
投诉
",邯郸市馆陶县柳湖胜景房产证10年未办,"
2020-04-26
","
2020-04-27
","已办结
"
张家口市市场监督管理局,"
投诉
",河北张家口宣化城上城收取高额物业费,"
2020-03-12
","
2020-04-27
","已办结
"
磁县生态环境局,"
投诉
",邯郸市磁县仁和路封路 因为有个空气质量监测点,"
2019-12-19
","
2020-04-27
","已办结
"
部门,"
投诉
",河北保定市红星美凯龙西北角十字路口建议安装红绿灯,"
2020-04-26
","
2020-04-27
","已办结
"
衡水市不动产登记局,"
投诉
",河北衡水宏福苑小区交房十年办不了房产证,"
2020-04-20
","
2020-04-27
","已办结
"
磁县生态环境局,"
投诉
",邯郸市磁县新世纪商场风机扰民,"
2019-08-15
","
2020-04-27
","已办结
"
廊坊市自然资源和规划局,"
投诉
",河北廊坊廊霸路新城林湾小区迟迟不给办理房本,"
2020-04-15
","
2020-04-27
","已办结
"
武安市生态环境局,"
投诉
",邯郸市武安市强制国三车安装DPF且指定地点安装,"
2019-12-03
","
2020-04-27
","已办结
"
部门,"
投诉
",河北衡水滏阳公馆半夜施工扰民 执法人员走后噪音继续,"
2020-03-13
","
2020-04-27
","已办结
"
恒大集团石家庄公司,"
投诉
",,"
2020-04-26
","
2020-04-27
","已办结
"
邯郸市生态环境局,"
投诉
",邯郸武安市重污染天气建筑工地在施工,"
2019-12-18
","
2020-04-27
","已办结
"
部门,"
投诉
",河北唐山古冶区北交通枢纽站存安全隐患 易发生危险,"
2020-01-17
","
2020-04-27
","已办结
"
邢台市桥西区住建局,"
投诉
",河北邢台三峰万和城迟迟不动工 一直让等,"
2020-04-26
","
2020-04-27
","已办结
"
邢台市桥西区住建局,"
投诉
",河北邢台三峰万和城房子何时能开工？,"
2020-04-27
","
2020-04-27
","已办结
"
部门,"
投诉
",河北保定裕隆街违建垃圾成堆 望清理,"
2020-04-01
","
2020-04-27
","已办结
"
部门,"
投诉
",河北廊坊安次区银河南路市政划停车位被占用,"
2020-04-20
","
2020-04-27
","已办结
"
部门,"
投诉
",河北沧州沧县御景园垃圾随风飞 绿化变菜地,"
2020-04-15
","
2020-04-27
","已办结
"
部门,"
投诉
",河北邯郸市丛台区连城别苑消防通道建违章建筑无人管,"
2020-04-21
","
2020-04-27
","已办结
"
部门,"
投诉
",邯郸武安市体育路和游览街交叉口门店音响扰民,"
2020-01-21
","
2020-04-27
","已办结
"
部门,"
投诉
",河北沧州青县义乌小区墙体保温大面积脱落,"
2020-03-27
","
2020-04-27
","已办结
"
部门,"
投诉
",河北石家庄良城逸园小区圈占公共绿地 安全隐患大,"
2020-03-17
","
2020-04-27
","已办结
"
部门,"
投诉
",河北沧州青县北环路金海湾小区清洁车噪音扰民,"
2020-04-03
","
2020-04-27
","已办结
"
部门,"
投诉
",河北廊坊市公安局落户材料繁琐死板不透明,"
2020-04-22
","
2020-04-27
","已办结
"
部门,"
投诉
",河北邯郸患者异地住院就医 社保无法报销,"
2020-04-23
","
2020-04-27
","已办结
"
部门,"
投诉
",河北石家庄新乐中燃翔科燃气层层转包煤改气工程 拖欠工资,"
2020-04-23
","
2020-04-27
","已办结
"
部门,"
投诉
",河北邯郸婴儿去哪打疫苗？望告知,"
2020-03-18
","
2020-04-27
","已办结
"
部门,"
投诉
",河北邯郸魏县去丛台区复工有健康证 还用隔离吗？,"
2020-03-08
","
2020-04-27
","已办结
"
部门,"
投诉
",河北省廊坊到邯郸是否需隔离？,"
2020-04-20
","
2020-04-27
","已办结
"
部门,"
投诉
",从湖北孝感返回河北邯郸需要隔离吗？,"
2020-04-20
","
2020-04-27
","已办结
"
部门,"
投诉
",江苏前往河北邯郸要隔离吗 有外地健康码,"
2020-03-31
","
2020-04-27
","已办结
"
部门,"
投诉
",沧州献县银都首付小区大门口没有减速带 车辆太快,"
2020-04-16
","
2020-04-27
","已办结
"
部门,"
投诉
",保定白沟国土局5点10分无工作人员 提前下班,"
2019-11-14
","
2020-04-27
","已办结
"
部门,"
投诉
",河北保定安国农民工想复工 可是安国车站不营运,"
2020-03-07
","
2020-04-27
","已办结
"
部门,"
投诉
",河北张家口计划生育网上办事大厅打不开,"
2020-03-30
","
2020-04-27
","已办结
"
部门,"
投诉
",河北沧州沧县鹏程家园小区物业私圈停车位,"
2020-04-24
","
2020-04-27
","已办结
"
部门,"
投诉
",河北张家口异地孕妇免费DNA孕检应落到实处,"
2020-04-03
","
2020-04-27
","已办结
"
部门,"
投诉
",河北邯郸丛台区居民无工作 怎么开健康证明？,"
2020-03-10
","
2020-04-27
","已办结
"
部门,"
投诉
",河北邯郸市丛台区住房装修何时复工？,"
2020-03-17
","
2020-04-27
","已办结
"
部门,"
投诉
",2020年5月1日从外省返回保定需要提供什么,"
2020-04-24
","
2020-04-27
","已办结
"
部门,"
投诉
",河北辛集永安街东头公路两侧违停严重,"
2020-04-24
","
2020-04-27
","已办结
"
部门,"
投诉
",河北邢台桥西区达活泉斜街占道经营现象反弹,"
2020-04-26
","
2020-04-27
","已办结
"
部门,"
投诉
",雄安新区雄县高铁施工噪音干扰人民正常生活,"
2020-04-15
","
2020-04-27
","已办结
"
部门,"
投诉
",从武汉返保定高阳人员需不需要隔离 有绿码,"
2020-04-26
","
2020-04-27
","已办结
"
馆陶县自然资源和规划局,"
投诉
",邯郸馆陶县金陶丽都900户业主没有房产证,"
2020-04-26
","
2020-04-27
","已办结
"
馆陶县自然资源和规划局,"
投诉
",邯郸市馆陶县金陶丽都买房十年没有不动产权证书,"
2020-04-26
","
2020-04-27
","已办结
"
部门,"
投诉
",河北沧州新华区泰和北区底商乱停车 建议规划停车位,"
2020-04-24
","
2020-04-27
","已办结
"
唐山市自然资源和规划局,"
投诉
",唐山市安联优越城购房三年多 迟迟没有房产证,"
2019-10-28
","
2020-04-27
","已办结
"
唐山市自然资源和规划局,"
投诉
",唐山景泰翰林108、109楼开发商是否完成了初始登记,"
2019-12-06
","
2020-04-27
","已办结
"
部门,"
投诉
",河北衡水中华大街大庆路以北两侧慢车道坑洼难行,"
2020-04-16
","
2020-04-27
","已办结
"
唐山市自然资源和规划局,"
投诉
",唐山香木林小区物业收取业主契税 十年不给办房本,"
2019-12-04
","
2020-04-27
","已办结
"
唐山市自然资源和规划局,"
投诉
",唐山市路北区景泰翰林小区不给办理不动产权证,"
2019-12-11
","
2020-04-27
","已办结
"
唐山市自然资源和规划局,"
投诉
",唐山市路北区新华一号的房子入住近十年未能办理房产证,"
2019-12-18
","
2020-04-27
","已办结
"
唐山市自然资源和规划局,"
投诉
",唐山路南新华一号10年未办房产证,"
2019-12-25
","
2020-04-27
","已办结
"
唐山市自然资源和规划局,"
投诉
",唐山路北区新华园小区房本十年未办理,"
2019-12-25
","
2020-04-27
","已办结
"
唐山市自然资源和规划局,"
投诉
",唐山路北区新华1号十年不给办理房本,"
2019-12-25
","
2020-04-27
","已办结
"
唐山市自然资源和规划局,"
投诉
",河北唐山景泰翰林交房九年不办房本 望监管,"
2020-01-14
","
2020-04-27
","已办结
"
唐山市自然资源和规划局,"
投诉
",河北唐山景泰翰林入住九年没有不动产权证,"
2020-03-31
","
2020-04-27
","已办结
"
唐山市自然资源和规划局,"
投诉
",河北唐山市路北区景泰房本一直不给办,"
2020-01-14
","
2020-04-27
","已办结
"
唐山市自然资源和规划局,"
投诉
",河北唐山河茵公寓房本迟迟不能办理,"
2020-04-01
","
2020-04-27
","已办结
"
唐山市自然资源和规划局,"
投诉
",河北唐山卫国路蓝天楼入住20年 没房本,"
2020-04-13
","
2020-04-27
","已办结
"
唐山市自然资源和规划局,"
投诉
",河北唐山鼎旺瑞景D区不通燃气迟迟没有房本,"
2020-04-13
","
2020-04-27
","已办结
"
唐山市自然资源和规划局,"
投诉
",河北唐山丰南回迁居民房本是哪种？,"
2020-04-13
","
2020-04-27
","已办结
"
唐山市自然资源和规划局,"
投诉
",河北唐山丰南区洪阳家园开发商迟迟不给办房本,"
2020-04-14
","
2020-04-27
","已办结
"
唐山市自然资源和规划局,"
投诉
",河北唐山星河湾小区入住9年开发商未办理房产证,"
2020-04-17
","
2020-04-27
","已办结
"
沧州市新华区住建局,"
投诉
",沧州市新华区禧福荷堂的房子窗户漏风 物业说过保修期了,"
2020-04-16
","
2020-04-27
","已办结
"
沧州市运河区城市管理局,"
投诉
",河北省沧州市运河区小王庄镇前程子村耕地被占用,"
2020-04-01
","
2020-04-27
","已办结
"
石家庄市鹿泉区人社局,"
投诉
",河北石家庄鹿泉翠屏山迎宾馆员工工作时失明 无人问津,"
2020-04-26
","
2020-04-27
","已办结
"
邢台市桥东区住建局,"
投诉
",河北邢台盛世WE公馆小户型退款难 18万元未退,"
2020-04-15
","
2020-04-27
","已办结
"
邢台市桥东区住建局,"
投诉
",河北邢台御蓝庭签订退房手续一直不退款,"
2020-04-15
","
2020-04-27
","已办结
"
邢台市桥东区住建局,"
投诉
",河北邢台豫北名城两年多未动工 盼退购房款,"
2020-04-16
","
2020-04-27
","已办结
"
邯郸市住房保障和房产管理…,"
投诉
",河北邯郸星魔方申请退房被扣一万元 至今不退,"
2020-04-16
","
2020-04-27
","已办结
"
唐山市丰润区住建局,"
投诉
",河北唐山丰润区恃艚踉熬装房防水不合格 墙面开裂,"
2020-04-21
","
2020-04-27
","已办结
"
邯郸市住房保障和房产管理…,"
投诉
",邯郸市丛台区三强房产捆绑销售地下室 不给办房产证,"
2020-04-24
","
2020-04-27
","已办结
"
唐山市丰润区住建局,"
咨询
",河北唐山丰润区冀新社区什么时候列入老旧小区改造计划？,"
2020-04-24
","
2020-04-27
","已办结
"
部门,"
投诉
",从河北承德去邯郸武安需要隔离嘛,"
2020-04-26
","
2020-04-27
","已办结
"
部门,"
投诉
",,"
2020-04-17
","
2020-04-27
","已办结
"
沧州市卫生健康委员会,"
投诉
",河北沧州市中心医院职工电梯不让病人使用,"
2020-04-22
","
2020-04-27
","已办结
"
衡水市桃城区卫生健康局,"
投诉
",河北衡水网上办理准生证快一个月 一直显示审核中,"
2020-04-26
","
2020-04-27
","已办结
"
省人力资源和社会保障厅,"
投诉
",,"
2020-04-26
","
2020-04-27
","已办结
"
高阳县文化教育局,"
投诉
",河北保定高阳县200名公开招录教师编制没了 请关注,"
2020-04-24
","
2020-04-27
","已办结
"
部门,"
投诉
",河北唐山国防道增盛路-车站路黄灯与绿灯一起亮,"
2020-04-24
","
2020-04-27
","已办结
"
清苑区公安局,"
咨询
",河北保定清苑区户口本如何更新？,"
2020-04-21
","
2020-04-27
","已办结
"
定兴县公安局,"
投诉
",河北保定定兴固城镇派出所不给两岁孩子办身份证 有依据吗？,"
2020-03-30
","
2020-04-27
","已办结
"
唐县公安局,"
投诉
",河北保定唐县白合高速口附近货车横行 每天堵车,"
2020-04-21
","
2020-04-27
","已办结
"
部门,"
投诉
",河北唐山市北新道长期大量车辆违法停车,"
2020-04-23
","
2020-04-27
","已办结
"
遵化市教育局,"
投诉
",河北唐山遵化阳光益众中学网课累死学生 周日全天写作业,"
2020-03-25
","
2020-04-27
","已办结
"
遵化市教育局,"
投诉
",河北唐山遵化市第一中学长两月不放假 清明节考试,"
2020-04-03
","
2020-04-27
","已办结
"
遵化市教育局,"
投诉
",河北唐山遵化阳光益众中学每天看屏幕十小时 眼保健操改成视频会,"
2020-03-25
","
2020-04-27
","已办结
"
遵化市教育局,"
投诉
",河北唐山遵化阳光益众学校承诺放假一天不执行,"
2020-03-30
","
2020-04-27
","已办结
"
遵化市教育局,"
投诉
",河北唐山遵化一中连上俩月网课 清明还要月考,"
2020-04-03
","
2020-04-27
","已办结
"
遵化市教育局,"
投诉
",河北唐山遵化市第一中学两个月网课没假期 用眼过度,"
2020-03-30
","
2020-04-27
","已办结
"
清河县住房和城乡建设局,"
投诉
",河北邢台清河英伦城邦小区迟迟不交房,"
2020-04-26
","
2020-04-27
","已办结
"
遵化市教育局,"
投诉
",河北唐山遵化第一中学开办网课 两个月没有一天休息,"
2020-03-30
","
2020-04-27
","已办结
"
景县住房和城乡建设局,"
投诉
",河北衡水景县名苑丽景逾期交房 何时交？,"
2020-04-20
","
2020-04-27
","已办结
"
景县住房和城乡建设局,"
投诉
",河北衡水市景县名苑丽景小区逾期不交房,"
2020-04-20
","
2020-04-27
","已办结
"
景县住房和城乡建设局,"
投诉
",河北衡水景县明苑丽景逾期不交房,"
2020-04-15
","
2020-04-27
","已办结
"
部门,"
投诉
",保定安国顺城街车辆乱停乱放 影响通行,"
2019-09-27
","
2020-04-26
","已办结
"
部门,"
投诉
",湖北低风险地区返回河北廊坊 需要居家隔离吗？,"
2020-04-26
","
2020-04-26
","已办结
"
部门,"
投诉
",石家庄晋州市滨河路非法占道经营 占用盲道,"
2020-03-31
","
2020-04-26
","已办结
"
部门,"
投诉
",河北唐山市高新区爱信公司不分昼夜排放污染气体,"
2020-04-26
","
2020-04-26
","已办结
"
部门,"
投诉
",河北张家口宣化区跃进街道路改造工程迟迟没有动工,"
2020-04-23
","
2020-04-26
","已办结
"
承德双桥区住建局,"
投诉
",,"
2019-06-27
","
2020-04-26
","已办结
"
白沟新城规划建设局,"
投诉
",河北保定白沟京雄世贸港收取高额服务费,"
2020-03-30
","
2020-04-26
","已办结
"
隆化县卫生健康局,"
投诉
",,"
2020-04-20
","
2020-04-26
","已办结
"
唐山市卫生健康委员会,"
咨询
",河北唐山夫妻一方为外省户口 独生子女证如何办理？,"
2020-04-21
","
2020-04-26
","已办结
"
乐亭县卫生健康局,"
咨询
",五一期间安徽合肥到河北唐山乐亭还需要隔离嘛？,"
2020-04-21
","
2020-04-26
","已办结
"
唐山市卫生健康委员会,"
投诉
",河北唐山从外地返回人员是否需要隔离？,"
2020-04-26
","
2020-04-26
","已办结
"
武安市水利局,"
投诉
",邯郸武安兴荣巷自来水长期浑浊,"
2019-05-23
","
2020-04-26
","已办结
"
武安市水利局,"
投诉
",邯郸武安崔炉村河道有安全隐患,"
2019-04-21
","
2020-04-26
","已办结
"
白沟新城规划建设局,"
投诉
",河北保定白沟京雄世贸港无法签订网签合同,"
2020-03-31
","
2020-04-26
","已办结
"
白沟新城规划建设局,"
投诉
",河北保定京雄世贸港买房不退押金 望协调解决,"
2020-04-01
","
2020-04-26
","已办结
"
白沟新城规划建设局,"
投诉
",河北保定白沟京雄世贸港购房定金迟迟不退,"
2020-04-01
","
2020-04-26
","已办结
"
永清县卫生健康局,"
投诉
",外地复工返回河北廊坊永清小区强制要求去医院拍胸片,"
2020-03-02
","
2020-04-26
","已办结
"
永清县卫生健康局,"
投诉
",河北廊坊永清县健康证明如何开？村里不知此事,"
2020-02-19
","
2020-04-26
","已办结
"
永清县卫生健康局,"
投诉
",河北廊坊市永清县曹家务乡龙城21幸福家园小区何时解封,"
2020-03-27
","
2020-04-26
","已办结
"
永清县卫生健康局,"
投诉
",河北廊坊市永清县刘其营乡二胎登记工作人员效率低,"
2020-01-15
","
2020-04-26
","已办结
"
永清县卫生健康局,"
投诉
",廊坊永清县卫健局改厕工程事故频发 监管不严,"
2019-09-16
","
2020-04-26
","已办结
"
永清县卫生健康局,"
投诉
",河北廊坊市湖北籍复工人员需要开具哪些证明,"
2020-04-01
","
2020-04-26
","已办结
"
清河县市场监督管理局,"
投诉
",河北邢台市清河县君合盛房地产开发有限公司乱收费,"
2020-04-24
","
2020-04-26
","已办结
"
定州市人社局,"
投诉
",河北定州赛正装饰拒不支付农民工工资,"
2020-04-14
","
2020-04-26
","已办结
"
武邑县卫生健康局,"
咨询
",武汉人去河北衡水武邑需要隔离吗？已做核酸检测,"
2020-04-26
","
2020-04-26
","已办结
"
唐山市公安局交警支队,"
咨询
",河北唐山出租车消违章必须要从业资格证吗？,"
2020-04-23
","
2020-04-26
","已办结
"
廊坊市市场监督管理局,"
投诉
",廊坊市12315打不通,"
2019-12-20
","
2020-04-26
","已办结
"
廊坊市市场监督管理局,"
投诉
",廊坊优信二手车平台买车 拒不提档维权无门,"
2020-01-02
","
2020-04-26
","已办结
"
河北高速公路集团有限公司,"
投诉
",河北保定高速etc收费有疑问 望解释,"
2020-04-21
","
2020-04-26
","已办结
"
河北高速公路集团有限公司,"
投诉
",河北廊坊居民没车没ETC 省高速莫名来扣钱,"
2020-04-13
","
2020-04-26
","已办结
"
河北高速公路集团有限公司,"
投诉
",河北廊坊车主ETC多扣费 高速客服96122人工电话打不通,"
2020-04-07
","
2020-04-26
","已办结
"
河北高速公路集团有限公司,"
投诉
",河北邢台车辆上高速没用ETC 莫名被收钱,"
2020-04-03
","
2020-04-26
","已办结
"
河北高速公路集团有限公司,"
投诉
",河北高速ETC小程序收费总额和银行扣款不一 反映十天无果,"
2020-03-27
","
2020-04-26
","已办结
"
三河市交通运输局,"
投诉
",河北廊坊三河301路公交测体温没必要接触皮肤 望采纳,"
2020-04-23
","
2020-04-26
","已办结
"
河北高速公路集团有限公司,"
投诉
",河北石家庄车主高速ETC扣费多达14次 咋回事？,"
2020-03-24
","
2020-04-26
","已办结
"
滦州市自然资源和规划局,"
投诉
",河北唐山滦州市小贺庄子村征地 去世老人承包地无偿收回,"
2020-04-26
","
2020-04-26
","已办结
"
河北高速公路集团有限公司,"
投诉
",河北石家庄市裕华区ETC多扣费,"
2020-01-15
","
2020-04-26
","已办结
"
河北高速公路集团有限公司,"
投诉
",河北石家庄裕华路高速口etc严重超额扣费,"
2020-01-19
","
2020-04-26
","已办结
"
河北高速公路集团有限公司,"
投诉
",河北高速ETC扣款异常 多出款项没有记录,"
2020-01-08
","
2020-04-26
","已办结
"
河北高速公路集团有限公司,"
投诉
",河北石家庄小轿车走一次高速 连续三天被重复扣费,"
2020-01-13
","
2020-04-26
","已办结
"
河北高速公路集团有限公司,"
求助
",廊坊市车主无法申办ETC,"
2019-12-12
","
2020-04-26
","已办结
"
河北高速公路集团有限公司,"
投诉
",首次申请ETC 却被告知已在河北发行办理,"
2019-12-16
","
2020-04-26
","已办结
"
石家庄市税务局,"
投诉
",河北石家庄赵县亿博上城2019交房代收契税,"
2020-04-15
","
2020-04-26
","已办结
"
石家庄市税务局,"
投诉
",河北石家庄井陉县楼盘未交房 税务局催收契税,"
2020-04-20
","
2020-04-26
","已办结
"
河北高速公路集团有限公司,"
投诉
",河北ETC乱收费 车未动却被扣费,"
2020-03-18
","
2020-04-26
","已办结
"
河北高速公路集团有限公司,"
投诉
",河北张家口车主未上高速 却受到etc扣费信息,"
2020-03-17
","
2020-04-26
","已办结
"
承德双桥区住建局,"
投诉
",承德市大老虎沟路面坑洼难行 请尽快维修,"
2019-04-08
","
2020-04-26
","已办结
"
承德双桥区住建局,"
投诉
",承德市大老虎沟道路供暖施工破坏 至今未修复,"
2019-07-18
","
2020-04-26
","已办结
"
河北高速公路集团有限公司,"
投诉
",河北廊坊车主ETC双重扣费 无人解决,"
2020-03-17
","
2020-04-26
","已办结
"
沧州市新华区住建局,"
投诉
",河北沧州米苏阳光迟迟无法正常交房,"
2020-04-16
","
2020-04-26
","已办结
"
河北高速公路集团有限公司,"
投诉
",河北高速ETC乱收费,"
2020-03-13
","
2020-04-26
","已办结
"
邢台市桥东区住建局,"
投诉
",河北邢台拉菲公庭商品房盖房缓慢 无限延期交房,"
2020-04-20
","
2020-04-26
","已办结
"
河北高速公路集团有限公司,"
投诉
",河北ETC高速公路多扣费,"
2020-03-13
","
2020-04-26
","已办结
"
河北高速公路集团有限公司,"
投诉
",河北邢台车主仅上一次高速频繁被ETC扣费 投诉无门,"
2020-03-12
","
2020-04-26
","已办结
"
定州市市场监督管理局,"
投诉
",河北定州市丰源帝景小区物业水费擅自涨价 盼监管,"
2020-04-23
","
2020-04-27
","已办结
"
定州市市场监督管理局,"
投诉
",河北定州美庭装饰公司不按合同办事 退款无果,"
2020-04-16
","
2020-04-27
","已办结
"
石家庄市鹿泉区人社局,"
投诉
",河北石家庄鹿泉区村民社保卡已制卡成功却未收到 到底在哪儿？,"
2020-04-26
","
2020-04-27
","已办结
"
馆陶县自然资源和规划局,"
投诉
",邯郸馆陶柳湖胜景何时能办不动产证,"
2020-04-26
","
2020-04-27
","已办结
"
涉县自然资源和规划局,"
投诉
",邯郸市涉县御湖天城不给业主开购房发票,"
2020-04-26
","
2020-04-27
","已办结
"
馆陶县自然资源和规划局,"
投诉
",邯郸市馆陶县柳湖圣景小区入住6年至今没办房产证,"
2020-04-26
","
2020-04-27
","已办结
"
涉县自然资源和规划局,"
投诉
",邯郸涉县君子居交房两年不办产权登记证,"
2020-04-26
","
2020-04-27
","已办结
"
涉县自然资源和规划局,"
求助
",邯郸涉县井店华润阳光城小区开发商不给业主办理房产证,"
2020-04-26
","
2020-04-27
","已办结
"
定州市市场监督管理局,"
投诉
",河北定州市富源天然气有限公司强行高价安装燃气报警器,"
2020-01-14
","
2020-04-27
","已办结
"
馆陶县自然资源和规划局,"
投诉
",邯郸馆陶柳湖胜景入住3年多不办理房产证 何时办理？,"
2020-04-26
","
2020-04-27
","已办结
"
馆陶县自然资源和规划局,"
投诉
",邯郸市馆陶县柳湖胜景房产证10年未办,"
2020-04-26
","
2020-04-27
","已办结
"
张家口市市场监督管理局,"
投诉
",河北张家口宣化城上城收取高额物业费,"
2020-03-12
","
2020-04-27
","已办结
"
磁县生态环境局,"
投诉
",邯郸市磁县仁和路封路 因为有个空气质量监测点,"
2019-12-19
","
2020-04-27
","已办结
"
部门,"
投诉
",河北保定市红星美凯龙西北角十字路口建议安装红绿灯,"
2020-04-26
","
2020-04-27
","已办结
"
衡水市不动产登记局,"
投诉
",河北衡水宏福苑小区交房十年办不了房产证,"
2020-04-20
","
2020-04-27
","已办结
"
磁县生态环境局,"
投诉
",邯郸市磁县新世纪商场风机扰民,"
2019-08-15
","
2020-04-27
","已办结
"
廊坊市自然资源和规划局,"
投诉
",河北廊坊廊霸路新城林湾小区迟迟不给办理房本,"
2020-04-15
","
2020-04-27
","已办结
"
武安市生态环境局,"
投诉
",邯郸市武安市强制国三车安装DPF且指定地点安装,"
2019-12-03
","
2020-04-27
","已办结
"
部门,"
投诉
",河北衡水滏阳公馆半夜施工扰民 执法人员走后噪音继续,"
2020-03-13
","
2020-04-27
","已办结
"
恒大集团石家庄公司,"
投诉
",,"
2020-04-26
","
2020-04-27
","已办结
"
邯郸市生态环境局,"
投诉
",邯郸武安市重污染天气建筑工地在施工,"
2019-12-18
","
2020-04-27
","已办结
"
部门,"
投诉
",河北唐山古冶区北交通枢纽站存安全隐患 易发生危险,"
2020-01-17
","
2020-04-27
","已办结
"
邢台市桥西区住建局,"
投诉
",河北邢台三峰万和城迟迟不动工 一直让等,"
2020-04-26
","
2020-04-27
","已办结
"
邢台市桥西区住建局,"
投诉
",河北邢台三峰万和城房子何时能开工？,"
2020-04-27
","
2020-04-27
","已办结
"
部门,"
投诉
",河北保定裕隆街违建垃圾成堆 望清理,"
2020-04-01
","
2020-04-27
","已办结
"
部门,"
投诉
",河北廊坊安次区银河南路市政划停车位被占用,"
2020-04-20
","
2020-04-27
","已办结
"
部门,"
投诉
",河北沧州沧县御景园垃圾随风飞 绿化变菜地,"
2020-04-15
","
2020-04-27
","已办结
"
部门,"
投诉
",河北邯郸市丛台区连城别苑消防通道建违章建筑无人管,"
2020-04-21
","
2020-04-27
","已办结
"
部门,"
投诉
",邯郸武安市体育路和游览街交叉口门店音响扰民,"
2020-01-21
","
2020-04-27
","已办结
"
部门,"
投诉
",河北沧州青县义乌小区墙体保温大面积脱落,"
2020-03-27
","
2020-04-27
","已办结
"
部门,"
投诉
",河北石家庄良城逸园小区圈占公共绿地 安全隐患大,"
2020-03-17
","
2020-04-27
","已办结
"
部门,"
投诉
",河北沧州青县北环路金海湾小区清洁车噪音扰民,"
2020-04-03
","
2020-04-27
","已办结
"
部门,"
投诉
",河北廊坊市公安局落户材料繁琐死板不透明,"
2020-04-22
","
2020-04-27
","已办结
"
部门,"
投诉
",河北邯郸患者异地住院就医 社保无法报销,"
2020-04-23
","
2020-04-27
","已办结
"
部门,"
投诉
",河北石家庄新乐中燃翔科燃气层层转包煤改气工程 拖欠工资,"
2020-04-23
","
2020-04-27
","已办结
"
部门,"
投诉
",河北邯郸婴儿去哪打疫苗？望告知,"
2020-03-18
","
2020-04-27
","已办结
"
部门,"
投诉
",河北邯郸魏县去丛台区复工有健康证 还用隔离吗？,"
2020-03-08
","
2020-04-27
","已办结
"
部门,"
投诉
",河北省廊坊到邯郸是否需隔离？,"
2020-04-20
","
2020-04-27
","已办结
"
部门,"
投诉
",从湖北孝感返回河北邯郸需要隔离吗？,"
2020-04-20
","
2020-04-27
","已办结
"
部门,"
投诉
",江苏前往河北邯郸要隔离吗 有外地健康码,"
2020-03-31
","
2020-04-27
","已办结
"
部门,"
投诉
",沧州献县银都首付小区大门口没有减速带 车辆太快,"
2020-04-16
","
2020-04-27
","已办结
"
部门,"
投诉
",保定白沟国土局5点10分无工作人员 提前下班,"
2019-11-14
","
2020-04-27
","已办结
"
部门,"
投诉
",河北保定安国农民工想复工 可是安国车站不营运,"
2020-03-07
","
2020-04-27
","已办结
"
部门,"
投诉
",河北张家口计划生育网上办事大厅打不开,"
2020-03-30
","
2020-04-27
","已办结
"
部门,"
投诉
",河北沧州沧县鹏程家园小区物业私圈停车位,"
2020-04-24
","
2020-04-27
","已办结
"
部门,"
投诉
",河北张家口异地孕妇免费DNA孕检应落到实处,"
2020-04-03
","
2020-04-27
","已办结
"
部门,"
投诉
",河北邯郸丛台区居民无工作 怎么开健康证明？,"
2020-03-10
","
2020-04-27
","已办结
"
部门,"
投诉
",河北邯郸市丛台区住房装修何时复工？,"
2020-03-17
","
2020-04-27
","已办结
"
部门,"
投诉
",2020年5月1日从外省返回保定需要提供什么,"
2020-04-24
","
2020-04-27
","已办结
"
部门,"
投诉
",河北辛集永安街东头公路两侧违停严重,"
2020-04-24
","
2020-04-27
","已办结
"
部门,"
投诉
",河北邢台桥西区达活泉斜街占道经营现象反弹,"
2020-04-26
","
2020-04-27
","已办结
"
部门,"
投诉
",雄安新区雄县高铁施工噪音干扰人民正常生活,"
2020-04-15
","
2020-04-27
","已办结
"
部门,"
投诉
",从武汉返保定高阳人员需不需要隔离 有绿码,"
2020-04-26
","
2020-04-27
","已办结
"
馆陶县自然资源和规划局,"
投诉
",邯郸馆陶县金陶丽都900户业主没有房产证,"
2020-04-26
","
2020-04-27
","已办结
"
馆陶县自然资源和规划局,"
投诉
",邯郸市馆陶县金陶丽都买房十年没有不动产权证书,"
2020-04-26
","
2020-04-27
","已办结
"
部门,"
投诉
",河北沧州新华区泰和北区底商乱停车 建议规划停车位,"
2020-04-24
","
2020-04-27
","已办结
"
唐山市自然资源和规划局,"
投诉
",唐山市安联优越城购房三年多 迟迟没有房产证,"
2019-10-28
","
2020-04-27
","已办结
"
唐山市自然资源和规划局,"
投诉
",唐山景泰翰林108、109楼开发商是否完成了初始登记,"
2019-12-06
","
2020-04-27
","已办结
"
部门,"
投诉
",河北衡水中华大街大庆路以北两侧慢车道坑洼难行,"
2020-04-16
","
2020-04-27
","已办结
"
唐山市自然资源和规划局,"
投诉
",唐山香木林小区物业收取业主契税 十年不给办房本,"
2019-12-04
","
2020-04-27
","已办结
"
唐山市自然资源和规划局,"
投诉
",唐山市路北区景泰翰林小区不给办理不动产权证,"
2019-12-11
","
2020-04-27
","已办结
"
唐山市自然资源和规划局,"
投诉
",唐山市路北区新华一号的房子入住近十年未能办理房产证,"
2019-12-18
","
2020-04-27
","已办结
"
唐山市自然资源和规划局,"
投诉
",唐山路南新华一号10年未办房产证,"
2019-12-25
","
2020-04-27
","已办结
"
唐山市自然资源和规划局,"
投诉
",唐山路北区新华园小区房本十年未办理,"
2019-12-25
","
2020-04-27
","已办结
"
唐山市自然资源和规划局,"
投诉
",唐山路北区新华1号十年不给办理房本,"
2019-12-25
","
2020-04-27
","已办结
"
唐山市自然资源和规划局,"
投诉
",河北唐山景泰翰林交房九年不办房本 望监管,"
2020-01-14
","
2020-04-27
","已办结
"
唐山市自然资源和规划局,"
投诉
",河北唐山景泰翰林入住九年没有不动产权证,"
2020-03-31
","
2020-04-27
","已办结
"
唐山市自然资源和规划局,"
投诉
",河北唐山市路北区景泰房本一直不给办,"
2020-01-14
","
2020-04-27
","已办结
"
唐山市自然资源和规划局,"
投诉
",河北唐山河茵公寓房本迟迟不能办理,"
2020-04-01
","
2020-04-27
","已办结
"
唐山市自然资源和规划局,"
投诉
",河北唐山卫国路蓝天楼入住20年 没房本,"
2020-04-13
","
2020-04-27
","已办结
"
唐山市自然资源和规划局,"
投诉
",河北唐山鼎旺瑞景D区不通燃气迟迟没有房本,"
2020-04-13
","
2020-04-27
","已办结
"
唐山市自然资源和规划局,"
投诉
",河北唐山丰南回迁居民房本是哪种？,"
2020-04-13
","
2020-04-27
","已办结
"
唐山市自然资源和规划局,"
投诉
",河北唐山丰南区洪阳家园开发商迟迟不给办房本,"
2020-04-14
","
2020-04-27
","已办结
"
唐山市自然资源和规划局,"
投诉
",河北唐山星河湾小区入住9年开发商未办理房产证,"
2020-04-17
","
2020-04-27
","已办结
"
沧州市新华区住建局,"
投诉
",沧州市新华区禧福荷堂的房子窗户漏风 物业说过保修期了,"
2020-04-16
","
2020-04-27
","已办结
"
沧州市运河区城市管理局,"
投诉
",河北省沧州市运河区小王庄镇前程子村耕地被占用,"
2020-04-01
","
2020-04-27
","已办结
"
石家庄市鹿泉区人社局,"
投诉
",河北石家庄鹿泉翠屏山迎宾馆员工工作时失明 无人问津,"
2020-04-26
","
2020-04-27
","已办结
"
邢台市桥东区住建局,"
投诉
",河北邢台盛世WE公馆小户型退款难 18万元未退,"
2020-04-15
","
2020-04-27
","已办结
"
邢台市桥东区住建局,"
投诉
",河北邢台御蓝庭签订退房手续一直不退款,"
2020-04-15
","
2020-04-27
","已办结
"
邢台市桥东区住建局,"
投诉
",河北邢台豫北名城两年多未动工 盼退购房款,"
2020-04-16
","
2020-04-27
","已办结
"
邯郸市住房保障和房产管理…,"
投诉
",河北邯郸星魔方申请退房被扣一万元 至今不退,"
2020-04-16
","
2020-04-27
","已办结
"
唐山市丰润区住建局,"
投诉
",河北唐山丰润区恃艚踉熬装房防水不合格 墙面开裂,"
2020-04-21
","
2020-04-27
","已办结
"
邯郸市住房保障和房产管理…,"
投诉
",邯郸市丛台区三强房产捆绑销售地下室 不给办房产证,"
2020-04-24
","
2020-04-27
","已办结
"
唐山市丰润区住建局,"
咨询
",河北唐山丰润区冀新社区什么时候列入老旧小区改造计划？,"
2020-04-24
","
2020-04-27
","已办结
"
部门,"
投诉
",从河北承德去邯郸武安需要隔离嘛,"
2020-04-26
","
2020-04-27
","已办结
"
部门,"
投诉
",,"
2020-04-17
","
2020-04-27
","已办结
"
沧州市卫生健康委员会,"
投诉
",河北沧州市中心医院职工电梯不让病人使用,"
2020-04-22
","
2020-04-27
","已办结
"
衡水市桃城区卫生健康局,"
投诉
",河北衡水网上办理准生证快一个月 一直显示审核中,"
2020-04-26
","
2020-04-27
","已办结
"
省人力资源和社会保障厅,"
投诉
",,"
2020-04-26
","
2020-04-27
","已办结
"
高阳县文化教育局,"
投诉
",河北保定高阳县200名公开招录教师编制没了 请关注,"
2020-04-24
","
2020-04-27
","已办结
"
部门,"
投诉
",河北唐山国防道增盛路-车站路黄灯与绿灯一起亮,"
2020-04-24
","
2020-04-27
","已办结
"
清苑区公安局,"
咨询
",河北保定清苑区户口本如何更新？,"
2020-04-21
","
2020-04-27
","已办结
"
定兴县公安局,"
投诉
",河北保定定兴固城镇派出所不给两岁孩子办身份证 有依据吗？,"
2020-03-30
","
2020-04-27
","已办结
"
唐县公安局,"
投诉
",河北保定唐县白合高速口附近货车横行 每天堵车,"
2020-04-21
","
2020-04-27
","已办结
"
部门,"
投诉
",河北唐山市北新道长期大量车辆违法停车,"
2020-04-23
","
2020-04-27
","已办结
"
遵化市教育局,"
投诉
",河北唐山遵化阳光益众中学网课累死学生 周日全天写作业,"
2020-03-25
","
2020-04-27
","已办结
"
遵化市教育局,"
投诉
",河北唐山遵化市第一中学长两月不放假 清明节考试,"
2020-04-03
","
2020-04-27
","已办结
"
遵化市教育局,"
投诉
",河北唐山遵化阳光益众中学每天看屏幕十小时 眼保健操改成视频会,"
2020-03-25
","
2020-04-27
","已办结
"
遵化市教育局,"
投诉
",河北唐山遵化阳光益众学校承诺放假一天不执行,"
2020-03-30
","
2020-04-27
","已办结
"
遵化市教育局,"
投诉
",河北唐山遵化一中连上俩月网课 清明还要月考,"
2020-04-03
","
2020-04-27
","已办结
"
遵化市教育局,"
投诉
",河北唐山遵化市第一中学两个月网课没假期 用眼过度,"
2020-03-30
","
2020-04-27
","已办结
"
清河县住房和城乡建设局,"
投诉
",河北邢台清河英伦城邦小区迟迟不交房,"
2020-04-26
","
2020-04-27
","已办结
"
遵化市教育局,"
投诉
",河北唐山遵化第一中学开办网课 两个月没有一天休息,"
2020-03-30
","
2020-04-27
","已办结
"
景县住房和城乡建设局,"
投诉
",河北衡水景县名苑丽景逾期交房 何时交？,"
2020-04-20
","
2020-04-27
","已办结
"
景县住房和城乡建设局,"
投诉
",河北衡水市景县名苑丽景小区逾期不交房,"
2020-04-20
","
2020-04-27
","已办结
"
景县住房和城乡建设局,"
投诉
",河北衡水景县明苑丽景逾期不交房,"
2020-04-15
","
2020-04-27
","已办结
"
部门,"
投诉
",保定安国顺城街车辆乱停乱放 影响通行,"
2019-09-27
","
2020-04-26
","已办结
"
部门,"
投诉
",湖北低风险地区返回河北廊坊 需要居家隔离吗？,"
2020-04-26
","
2020-04-26
","已办结
"
部门,"
投诉
",石家庄晋州市滨河路非法占道经营 占用盲道,"
2020-03-31
","
2020-04-26
","已办结
"
部门,"
投诉
",河北唐山市高新区爱信公司不分昼夜排放污染气体,"
2020-04-26
","
2020-04-26
","已办结
"
部门,"
投诉
",河北张家口宣化区跃进街道路改造工程迟迟没有动工,"
2020-04-23
","
2020-04-26
","已办结
"
承德双桥区住建局,"
投诉
",,"
2019-06-27
","
2020-04-26
","已办结
"
白沟新城规划建设局,"
投诉
",河北保定白沟京雄世贸港收取高额服务费,"
2020-03-30
","
2020-04-26
","已办结
"
隆化县卫生健康局,"
投诉
",,"
2020-04-20
","
2020-04-26
","已办结
"
唐山市卫生健康委员会,"
咨询
",河北唐山夫妻一方为外省户口 独生子女证如何办理？,"
2020-04-21
","
2020-04-26
","已办结
"
乐亭县卫生健康局,"
咨询
",五一期间安徽合肥到河北唐山乐亭还需要隔离嘛？,"
2020-04-21
","
2020-04-26
","已办结
"
唐山市卫生健康委员会,"
投诉
",河北唐山从外地返回人员是否需要隔离？,"
2020-04-26
","
2020-04-26
","已办结
"
武安市水利局,"
投诉
",邯郸武安兴荣巷自来水长期浑浊,"
2019-05-23
","
2020-04-26
","已办结
"
武安市水利局,"
投诉
",邯郸武安崔炉村河道有安全隐患,"
2019-04-21
","
2020-04-26
","已办结
"
白沟新城规划建设局,"
投诉
",河北保定白沟京雄世贸港无法签订网签合同,"
2020-03-31
","
2020-04-26
","已办结
"
白沟新城规划建设局,"
投诉
",河北保定京雄世贸港买房不退押金 望协调解决,"
2020-04-01
","
2020-04-26
","已办结
"
白沟新城规划建设局,"
投诉
",河北保定白沟京雄世贸港购房定金迟迟不退,"
2020-04-01
","
2020-04-26
","已办结
"
永清县卫生健康局,"
投诉
",外地复工返回河北廊坊永清小区强制要求去医院拍胸片,"
2020-03-02
","
2020-04-26
","已办结
"
永清县卫生健康局,"
投诉
",河北廊坊永清县健康证明如何开？村里不知此事,"
2020-02-19
","
2020-04-26
","已办结
"
永清县卫生健康局,"
投诉
",河北廊坊市永清县曹家务乡龙城21幸福家园小区何时解封,"
2020-03-27
","
2020-04-26
","已办结
"
永清县卫生健康局,"
投诉
",河北廊坊市永清县刘其营乡二胎登记工作人员效率低,"
2020-01-15
","
2020-04-26
","已办结
"
永清县卫生健康局,"
投诉
",廊坊永清县卫健局改厕工程事故频发 监管不严,"
2019-09-16
","
2020-04-26
","已办结
"
永清县卫生健康局,"
投诉
",河北廊坊市湖北籍复工人员需要开具哪些证明,"
2020-04-01
","
2020-04-26
","已办结
"
清河县市场监督管理局,"
投诉
",河北邢台市清河县君合盛房地产开发有限公司乱收费,"
2020-04-24
","
2020-04-26
","已办结
"
定州市人社局,"
投诉
",河北定州赛正装饰拒不支付农民工工资,"
2020-04-14
","
2020-04-26
","已办结
"
武邑县卫生健康局,"
咨询
",武汉人去河北衡水武邑需要隔离吗？已做核酸检测,"
2020-04-26
","
2020-04-26
","已办结
"
唐山市公安局交警支队,"
咨询
",河北唐山出租车消违章必须要从业资格证吗？,"
2020-04-23
","
2020-04-26
","已办结
"
廊坊市市场监督管理局,"
投诉
",廊坊市12315打不通,"
2019-12-20
","
2020-04-26
","已办结
"
廊坊市市场监督管理局,"
投诉
",廊坊优信二手车平台买车 拒不提档维权无门,"
2020-01-02
","
2020-04-26
","已办结
"
河北高速公路集团有限公司,"
投诉
",河北保定高速etc收费有疑问 望解释,"
2020-04-21
","
2020-04-26
","已办结
"
河北高速公路集团有限公司,"
投诉
",河北廊坊居民没车没ETC 省高速莫名来扣钱,"
2020-04-13
","
2020-04-26
","已办结
"
河北高速公路集团有限公司,"
投诉
",河北廊坊车主ETC多扣费 高速客服96122人工电话打不通,"
2020-04-07
","
2020-04-26
","已办结
"
河北高速公路集团有限公司,"
投诉
",河北邢台车辆上高速没用ETC 莫名被收钱,"
2020-04-03
","
2020-04-26
","已办结
"
河北高速公路集团有限公司,"
投诉
",河北高速ETC小程序收费总额和银行扣款不一 反映十天无果,"
2020-03-27
","
2020-04-26
","已办结
"
三河市交通运输局,"
投诉
",河北廊坊三河301路公交测体温没必要接触皮肤 望采纳,"
2020-04-23
","
2020-04-26
","已办结
"
河北高速公路集团有限公司,"
投诉
",河北石家庄车主高速ETC扣费多达14次 咋回事？,"
2020-03-24
","
2020-04-26
","已办结
"
滦州市自然资源和规划局,"
投诉
",河北唐山滦州市小贺庄子村征地 去世老人承包地无偿收回,"
2020-04-26
","
2020-04-26
","已办结
"
河北高速公路集团有限公司,"
投诉
",河北石家庄市裕华区ETC多扣费,"
2020-01-15
","
2020-04-26
","已办结
"
河北高速公路集团有限公司,"
投诉
",河北石家庄裕华路高速口etc严重超额扣费,"
2020-01-19
","
2020-04-26
","已办结
"
河北高速公路集团有限公司,"
投诉
",河北高速ETC扣款异常 多出款项没有记录,"
2020-01-08
","
2020-04-26
","已办结
"
河北高速公路集团有限公司,"
投诉
",河北石家庄小轿车走一次高速 连续三天被重复扣费,"
2020-01-13
","
2020-04-26
","已办结
"
河北高速公路集团有限公司,"
求助
",廊坊市车主无法申办ETC,"
2019-12-12
","
2020-04-26
","已办结
"
河北高速公路集团有限公司,"
投诉
",首次申请ETC 却被告知已在河北发行办理,"
2019-12-16
","
2020-04-26
","已办结
"
石家庄市税务局,"
投诉
",河北石家庄赵县亿博上城2019交房代收契税,"
2020-04-15
","
2020-04-26
","已办结
"
石家庄市税务局,"
投诉
",河北石家庄井陉县楼盘未交房 税务局催收契税,"
2020-04-20
","
2020-04-26
","已办结
"
河北高速公路集团有限公司,"
投诉
",河北ETC乱收费 车未动却被扣费,"
2020-03-18
","
2020-04-26
","已办结
"
河北高速公路集团有限公司,"
投诉
",河北张家口车主未上高速 却受到etc扣费信息,"
2020-03-17
","
2020-04-26
","已办结
"
承德双桥区住建局,"
投诉
",承德市大老虎沟路面坑洼难行 请尽快维修,"
2019-04-08
","
2020-04-26
","已办结
"
承德双桥区住建局,"
投诉
",承德市大老虎沟道路供暖施工破坏 至今未修复,"
2019-07-18
","
2020-04-26
","已办结
"
河北高速公路集团有限公司,"
投诉
",河北廊坊车主ETC双重扣费 无人解决,"
2020-03-17
","
2020-04-26
","已办结
"
沧州市新华区住建局,"
投诉
",河北沧州米苏阳光迟迟无法正常交房,"
2020-04-16
","
2020-04-26
","已办结
"
河北高速公路集团有限公司,"
投诉
",河北高速ETC乱收费,"
2020-03-13
","
2020-04-26
","已办结
"
邢台市桥东区住建局,"
投诉
",河北邢台拉菲公庭商品房盖房缓慢 无限延期交房,"
2020-04-20
","
2020-04-26
","已办结
"
河北高速公路集团有限公司,"
投诉
",河北ETC高速公路多扣费,"
2020-03-13
","
2020-04-26
","已办结
"
河北高速公路集团有限公司,"
投诉
",河北邢台车主仅上一次高速频繁被ETC扣费 投诉无门,"
2020-03-12
","
2020-04-26
","已办结
"
邢台市桥东区住建局,"
投诉
",河北邢台月亮湾延期三年 仍不交房,"
2020-04-23
","
2020-04-26
","已办结
"
河北高速公路集团有限公司,"
投诉
",河北ETC车没动却无端扣费,"
2020-03-12
","
2020-04-26
","已办结
"
黄骅市场监督管理局,"
投诉
",河北沧州黄骅分期购车时2000元押金迟迟不退,"
2020-04-16
","
2020-04-26
","已办结
"
张家口市公安局,"
投诉
",河北张家口拒绝机动车异地检车 不落实放管服政策,"
2020-04-26
","
2020-04-26
","已办结
"
沧州市新华区住建局,"
投诉
",河北沧州泰和世家垃圾堆放不清理 盼处理,"
2020-04-16
","
2020-04-26
","已办结
"
河间市房产管理局,"
投诉
",河北沧州河间市房产继承需要交百分之二十税,"
2020-04-20
","
2020-04-26
","已办结
"
黄骅市教育局,"
投诉
",河北沧州黄骅中学新建高中是什么情况？,"
2020-04-22
","
2020-04-26
","已办结
"
部门,"
投诉
",河北石家庄长安区鼎坚市场西门高音喇叭扰民,"
2020-04-24
","
2020-04-26
","已办结
"
部门,"
投诉
",离鄂人员到廊坊大厂短暂停留 接人 是否要采样送检,"
2020-04-24
","
2020-04-26
","已办结
"
沧州市新华区住建局,"
投诉
",河北沧州市新华区枫尚国际物业服务差,"
2020-03-23
","
2020-04-26
","已办结
"
兴隆县自然资源和规划局,"
投诉
",河北承德兴隆豪庭小区业主贷款合同放不动产中心后丢失 望查找,"
2020-04-24
","
2020-04-26
","已办结
"
肃宁县住房和城乡建设局,"
投诉
",河北沧州市肃宁县春泽庭院信件投递不让进小区 望精准施策,"
2020-04-20
","
2020-04-26
","已办结
"
邢台市桥东区住建局,"
投诉
",河北邢台凤凰城梧桐苑延期三年不交工,"
2020-04-20
","
2020-04-26
","已办结
"
武安市自然资源和规划局,"
咨询
",邯郸武安土地划拨性质房屋过户办理暂停 何时恢复,"
2020-04-26
","
2020-04-26
","已办结
"
磁县自然资源和规划局,"
投诉
",邯郸磁县世纪城购房四年不办理房产证,"
2020-04-26
","
2020-04-26
","已办结
"
河北高速公路集团有限公司,"
投诉
",河北高速ETC扣款和银行多次对不上 客服无人接听,"
2020-03-11
","
2020-04-26
","已办结
"
沧州市新华区市场监督管理…,"
投诉
",河北沧州路博汽车服务公司不退车贷押金,"
2020-03-31
","
2020-04-26
","已办结
"
部门,"
投诉
",河北邢台经济开发区综治中心霸占多个公用车位,"
2020-04-20
","
2020-04-26
","已办结
"
沧州市新华区市场监督管理…,"
投诉
",,"
2020-04-20
","
2020-04-26
","已办结
"
河北高速公路集团有限公司,"
投诉
",河北邯郸车辆ETC多次无故扣费 0.29元是啥费？,"
2020-03-10
","
2020-04-26
","已办结
"
沧州市公安局交警支队,"
投诉
",河北沧州万泰丽景东西区中间规划路有僵尸车长期挡路停放 望处理,"
2020-04-21
","
2020-04-26
","已办结
"
沧州市公安局交警支队,"
投诉
",河北沧州市运河区光荣路机动车违法占道严重,"
2020-04-21
","
2020-04-26
","已办结
"
沧州市公安局交警支队,"
投诉
",河北沧州市四合菜市场路口车辆乱停放 望交警严查,"
2020-04-20
","
2020-04-26
","已办结
"
沧州市公安局交警支队,"
投诉
",河北沧州二针小区道路两侧车辆乱停 望严查,"
2020-04-20
","
2020-04-26
","已办结
"
河北高速公路集团有限公司,"
投诉
",河北张家口车主未安装车辆ETC被高速扣费 反映无果,"
2020-03-09
","
2020-04-26
","已办结
"
沧州市公安局,"
投诉
",河北沧州市有住房有公积金 可以快速办理居住证吗？,"
2020-04-24
","
2020-04-26
","已办结
"
石家庄市长安区住建局,"
投诉
",河北石家庄Fly家品格民宿疫情期间不退订金 翻脸不认,"
2020-04-26
","
2020-04-26
","已办结
"
河北高速公路集团有限公司,"
投诉
",河北承德车主ETC被扣费 今年未走过高速,"
2020-03-09
","
2020-04-26
","已办结
"
部门,"
投诉
",河北衡水故城县顺达东路停车难 建议多规划车位,"
2020-03-31
","
2020-04-26
","已办结
"
河北高速公路集团有限公司,"
投诉
",河北ETC车未出门却被扣费,"
2020-03-05
","
2020-04-26
","已办结
"
沧州市公安局,"
投诉
",,"
2020-04-09
","
2020-04-26
","已办结
"
沧州市公安局,"
投诉
",,"
2020-04-20
","
2020-04-26
","已办结
"
河北高速公路集团有限公司,"
咨询
",河北石家庄车主高速免费期间ETC扣费并重复扣费 怎么回事？,"
2020-03-05
","
2020-04-26
","已办结
"
部门,"
投诉
",河北沧州东光县城区建新路北段乱停车堵车严重,"
2020-04-24
","
2020-04-26
","已办结
"
河北高速公路集团有限公司,"
投诉
",河北定州etc重复收费 是何原因？,"
2020-02-19
","
2020-04-26
","已办结
"
石家庄市鹿泉区住建局,"
投诉
",河北石家庄鹿泉嘉珍公馆无证销售不退房款,"
2020-04-15
","
2020-04-26
","已办结
"
部门,"
投诉
",河北邯郸峰峰居民家中无人居住 水费竟高达900元,"
2020-04-20
","
2020-04-26
","已办结
"
秦皇岛市人社局,"
咨询
",河北秦皇岛男职工生育陪护假期间工资正常发放吗？,"
2020-04-26
","
2020-04-26
","已办结
"
部门,"
投诉
",河北沧州颐和文园小区15号楼居民豢养大烈性猛犬 没人管,"
2020-04-20
","
2020-04-26
","已办结
"
石家庄市人社局,"
投诉
",河北石家庄市人社局职称查询系统查不到信息  联系不上,"
2020-04-23
","
2020-04-26
","已办结
"
部门,"
投诉
",河北石家庄市高营大街何时拓宽？每天都盼着,"
2020-04-21
","
2020-04-26
","已办结
"
石家庄市12315指挥中…,"
投诉
",河北石家庄联动云汽车租赁公司违章处理不顺畅 拒不返还客户押金,"
2020-04-16
","
2020-04-26
","已办结
"
保定市城市管理行政执法局,"
投诉
",河北保定市复兴路西延什么时候可以通车？修了好多年,"
2020-04-23
","
2020-04-26
","已办结
"
临漳县自然资源和规划局,"
投诉
",邯郸市临漳县不交300元煤球钱不发放土地确权证,"
2020-04-26
","
2020-04-26
","已办结
"
中捷产业园区建设局,"
投诉
",河北沧州渤海新区半岛国际新房漏水 至今未解决,"
2020-04-22
","
2020-04-26
","已办结
"
磁县自然资源和规划局,"
投诉
",邯郸市磁县北开河村土地被政府部门以租代征,"
2020-04-26
","
2020-04-26
","已办结
"
磁县自然资源和规划局,"
投诉
",邯郸市磁县财苑小区能否办理不动产权证？,"
2020-04-26
","
2020-04-26
","已办结
"
沧州市交通运输局,"
投诉
",,"
2020-04-20
","
2020-04-26
","已办结
"
部门,"
投诉
",河北邯郸峰峰矿区军民路磁州茶艺坊门前儿童摇摆车噪音扰民,"
2020-04-15
","
2020-04-26
","已办结
"
部门,"
投诉
",河北张家口云奥招标代理公司注销两年 员工社保转移须原企业减员,"
2020-04-24
","
2020-04-26
","已办结
"
部门,"
投诉
",河北廊坊固安安检站效率低 拥堵严重,"
2020-04-24
","
2020-04-26
","已办结
"
部门,"
投诉
",河北邯郸峰峰矿区黑龙洞东侧摊贩喇叭声扰民,"
2020-04-15
","
2020-04-26
","已办结
"
部门,"
投诉
",河北邯郸市峰峰矿区彭城镇中医院附近路灯昏暗,"
2020-04-24
","
2020-04-26
","已办结
"
固安县市场监督管理局,"
投诉
",河北廊坊固安一米阳光小区电梯经常发生故障 突然失控,"
2020-04-13
","
2020-04-26
","已办结
"
部门,"
投诉
",河北廊坊三河燕郊至望京西882路公交车何时恢复？,"
2020-04-24
","
2020-04-26
","已办结
"
沧州市运河区城市管理局,"
投诉
",河北沧州欣颜坊美容院私画车位占用公共场所,"
2020-04-14
","
2020-04-26
","已办结
"
沧县卫生健康局,"
投诉
",,"
2020-04-20
","
2020-04-26
","已办结
"
裕华区市场监督管理局,"
投诉
",,"
2020-04-20
","
2020-04-26
","已办结
"
保定市民政局,"
咨询
",河北保定市各养老机构什么时候恢复正常接收工作？,"
2020-04-20
","
2020-04-26
","已办结
"
衡水市城市管理局,"
投诉
",河北衡水怡安家园交房七年不通天然气,"
2020-04-16
","
2020-04-26
","已办结
"
临漳县自然资源和规划局,"
投诉
",河北邯郸临漳岗陵城17年的征地补贴款没人给,"
2020-04-15
","
2020-04-26
","已办结
"
临漳县自然资源和规划局,"
投诉
",邯郸市临漳县盛世阳光小区交房两年未办房产证,"
2020-04-26
","
2020-04-26
","已办结
"
临漳县自然资源和规划局,"
投诉
",邯郸市临漳县邺都华府何时才能办理房产证？,"
2018-12-12
","
2020-04-26
","已办结
"
临漳县自然资源和规划局,"
投诉
",邯郸临漳后村村民耕地住房被强卖 开发商强拆,"
2018-10-10
","
2020-04-26
","已办结
"
部门,"
投诉
",河北张家口沙岭子实验一中老师强制学生购买口罩袜子,"
2020-04-16
","
2020-04-26
","已办结
"
鹿泉区市场监督管理局,"
投诉
",石家庄鹿泉区龙海花园物业按房屋面积四舍五入收费,"
2020-04-14
","
2020-04-26
","已办结
"
三河市教育和体育局,"
投诉
",,"
2020-04-22
","
2020-04-26
","已办结
"
部门,"
投诉
",河北廊坊大厂紫藤园工地夜间施工噪音大 影响居民休息,"
2020-04-21
","
2020-04-26
","已办结
"
部门,"
投诉
",,"
2020-03-26
","
2020-04-26
","已办结
"
部门,"
投诉
",河北廊坊大厂潮白河孔雀城乱停车 无人管理,"
2020-04-24
","
2020-04-26
","已办结
"
香河县市场监督管理局,"
投诉
",河北廊坊香河香蒲屿签订阴阳合同 多收费不退还,"
2020-04-15
","
2020-04-26
","已办结
"
香河县市场监督管理局,"
投诉
",河北廊坊香河汇美家居城买家具送货质量差 称爱要不要,"
2020-04-16
","
2020-04-26
","已办结
"
衡水市卫生健康局,"
投诉
",河北衡水计生网上大厅独生子女证无法进入证件输入环节,"
2020-04-15
","
2020-04-26
","已办结
"
邯郸市公安局邯山区分局,"
投诉
",河北邯郸御河尚院售楼部领导打人 报警无人管,"
2020-04-21
","
2020-04-26
","已办结
"
衡水市城市管理局,"
投诉
",河北衡水市大庆路与长地北街交叉口多个铁皮棚子占路,"
2020-04-21
","
2020-04-26
","已办结
"
邢台市民政局,"
投诉
",河北邢台桥西杰地润园小区无社区居委会接收,"
2020-04-13
","
2020-04-26
","已办结
"
邯郸市医疗保障局,"
咨询
",河北邯郸尿毒症医保报销比例是多少？,"
2020-04-20
","
2020-04-26
","已办结
"
部门,"
投诉
",河北廊坊三河燕郊兴达社区停办工作出入证 复工难,"
2020-04-24
","
2020-04-26
","已办结
"
南宫市自然资源和规划局,"
投诉
",河北邢台南宫市农村宅基地证迟迟不发,"
2020-04-21
","
2020-04-26
","已办结
"
部门,"
投诉
",沧州市新华区建北街私搭乱建,"
2019-12-18
","
2020-04-26
","已办结
"
部门,"
投诉
",河北沧州市新华区百合14号楼电梯损坏2个月无人维修,"
2020-04-09
","
2020-04-26
","已办结
"
保定市住房公积金管理中心,"
投诉
",河北保定省直社保为何不能买保定主城区房子？,"
2020-03-30
","
2020-04-26
","已办结
"
部门,"
投诉
",河北邯郸永年区施庄村北牌坊烧烤摊位烟气弥漫 乱倒垃圾,"
2020-04-24
","
2020-04-26
","已办结
"
兴隆县自然资源和规划局,"
投诉
",河北承德兴隆县兴隆豪庭小区5层商业楼变成12层 规划公示违规,"
2020-04-10
","
2020-04-26
","已办结
"
兴隆县自然资源和规划局,"
投诉
",河北承德兴隆豪庭小区更改规划 5层商业变12层住宅,"
2020-04-24
","
2020-04-26
","已办结
"
邢台市桥西区住建局,"
投诉
",河北邢台桥西三峰万和城十年不交房 还着房贷没盼头,"
2020-04-24
","
2020-04-26
","已办结
"
邢台市桥西区住建局,"
感谢信
",河北邢台市三峰万和城购房人感谢邢台市桥西区住建局 解答详尽,"
2020-04-24
","
2020-04-26
","已办结
"
武邑县住建局,"
投诉
",河北衡水武邑东方明珠小区违规销售,"
2020-03-17
","
2020-04-26
","已办结
"
沧州市供排水集团,"
投诉
",河北沧州天成郡府小区房子无人居住 水费月月欠费,"
2020-04-17
","
2020-04-26
","已办结
"
沧州市供排水集团,"
投诉
",河北沧州沧县御景园只能到物业交水费,"
2020-04-17
","
2020-04-26
","已办结
"
沧州市供排水集团,"
投诉
",河北沧州南环邮政小区小区6楼吃不上水,"
2020-04-16
","
2020-04-26
","已办结
"
沧州市供排水集团,"
投诉
",河北沧州自来水公司标号错误让先交费 长时间不解决,"
2020-04-14
","
2020-04-26
","已办结
"
部门,"
投诉
",河北石家庄裕华区燕港新村23号楼私搭乱建 散养鸡,"
2020-04-24
","
2020-04-26
","已办结
"
部门,"
投诉
",河北省唐山市曹妃甸区幸福花园业主拆除承重墙,"
2020-02-02
","
2020-04-26
","已办结
"
武邑县住建局,"
投诉
",河北衡水市武邑县中央蓝郡小区被电信宽带垄断,"
2020-03-31
","
2020-04-26
","已办结
"
遵化市教育局,"
投诉
",河北唐山遵化一中乱收住宿费 在家网课收费照旧,"
2020-04-15
","
2020-04-26
","已办结
"
部门,"
投诉
",河北廊坊固安县自然资源和规划局不接电话,"
2020-04-24
","
2020-04-26
","已办结
"
部门,"
投诉
",廊坊三河燕郊光明路易燃品多 存在消防隐患,"
2020-01-06
","
2020-04-26
","已办结
"
部门,"
投诉
",廊坊市燕郊经开发区夜晚工地噪音扰民,"
2019-12-18
","
2020-04-26
","已办结
"
部门,"
投诉
",廊坊三河市燕郊北蔡街北侧停车位停车被大规模贴条,"
2020-01-08
","
2020-04-26
","已办结
"
部门,"
投诉
",河北廊坊燕郊迎宾路行宫宾馆前转盘建议安装红绿灯,"
2020-01-14
","
2020-04-26
","已办结
"
部门,"
投诉
",河北省三河市燕郊行宫东大街出租车停车占道,"
2020-01-16
","
2020-04-26
","已办结
"
部门,"
投诉
",河北廊坊三河燕郊嘉诚国际小区东门口公交站被黑车占道,"
2020-01-17
","
2020-04-26
","已办结
"
部门,"
投诉
",河北廊坊燕郊镇福成五期及六期周边市政道路边停车位收费何理？,"
2020-02-24
","
2020-04-26
","已办结
"
部门,"
投诉
",河北廊坊燕郊疫情期间如何申请汽车年检标？,"
2020-03-03
","
2020-04-26
","已办结
"
部门,"
投诉
",河北廊坊燕郊神威北路自行车道被划为车道 易发生事故,"
2020-03-04
","
2020-04-26
","已办结
"
邯郸市住房公积金管理中心,"
咨询
",河北邯郸荣盛城可以使用部队公积金贷款吗？,"
2020-04-24
","
2020-04-26
","已办结
"
石家庄市长安区住建局,"
投诉
",河北石家庄远洋七号项目工程进度到什么程度？,"
2020-04-24
","
2020-04-26
","已办结
"
沧州市城市管理综合行政执…,"
投诉
",河北沧州同天底商霸占停车位不让停,"
2020-04-21
","
2020-04-26
","已办结
"
定州市公安局,"
投诉
",河北定州市嘉欣家园小区门口违停车辆多堵塞出口,"
2020-04-21
","
2020-04-26
","已办结
"
沧州市城市管理综合行政执…,"
投诉
",河北沧州通翔园小区一号楼东侧临建房,"
2020-04-21
","
2020-04-26
","已办结
"
唐山市卫生健康委员会,"
投诉
",河北唐山人去北京出差返回后 还需要隔离吗？,"
2020-04-21
","
2020-04-26
","已办结
"
迁西县卫生健康局,"
咨询
",河北唐山迁西县来自湖南人员 是否需要隔离14天？,"
2020-04-24
","
2020-04-26
","已办结
"
唐山市丰南区住建局,"
投诉
",河北唐山丰南湖岸新城302栋燃气至今未开通 望协调,"
2020-03-31
","
2020-04-26
","已办结
"
部门,"
投诉
",河北廊坊北三县大厂与燕郊间断头路何时修通？,"
2020-04-08
","
2020-04-26
","已办结
"
部门,"
投诉
",河北廊坊市大厂祁各庄镇盛景澜湾玫瑰园儿童娱乐设施扰民,"
2020-04-08
","
2020-04-26
","已办结
"
石家庄市城市管理综合行政…,"
建议
",河北石家庄南二环辅路地下桥经常拥堵 建议打通仓丰路与汇明路,"
2020-04-24
","
2020-04-26
","已办结
"
唐山市丰南区住建局,"
投诉
",河北唐山市丰南区华彩唐人街壹号小区房本迟迟不下来,"
2020-04-24
","
2020-04-26
","已办结
"
邢台县住房和城乡建设局,"
投诉
",河北邢台蓝洋荣景园8号楼交钱3年 未动工,"
2020-04-14
","
2020-04-26
","已办结
"
邢台县住房和城乡建设局,"
投诉
",河北邢台盛世地产邢台院子无证售房 退房款推托不退,"
2020-04-20
","
2020-04-26
","已办结
"
邢台县住房和城乡建设局,"
投诉
",河北邢台凤巢园北区顶楼漏水 望解决,"
2020-04-15
","
2020-04-26
","已办结
"
邢台县住房和城乡建设局,"
投诉
",河北邢台蓝洋荣景园8号楼逾期交房 至今未动工,"
2020-04-16
","
2020-04-26
","已办结
"
邢台县住房和城乡建设局,"
投诉
",河北邢台蓝洋荣景园8号楼到交房时间竟未动工,"
2020-04-21
","
2020-04-26
","已办结
"
部门,"
投诉
",河北保定涿州市莲池村出行困难 5分钟土路污染重,"
2020-04-20
","
2020-04-25
","已办结
"
部门,"
投诉
",河北保定涿州838路公交何时恢复,"
2020-04-24
","
2020-04-25
","已办结
"
部门,"
投诉
",河北邯郸丛台区中华餐馆噪音扰民 严重影响休息,"
2020-04-08
","
2020-04-25
","已办结
"
沧州市运河区生态环境局,"
投诉
",河北沧州国富馨悦湾小区南侧工厂噪音扰民,"
2020-03-25
","
2020-04-25
","已办结
"
临城县住房和城乡建设局,"
投诉
",河北邢台临城县七十号院开发商水费捆绑物业费,"
2020-03-30
","
2020-04-25
","已办结
"
临城县住房和城乡建设局,"
投诉
",河北邢台临城县七十号院开发商物业费与税费捆绑 望解决,"
2020-04-23
","
2020-04-25
","已办结
"
部门,"
投诉
",河北石家庄桥西区华域城小区无充电设备 有安全隐患,"
2020-04-23
","
2020-04-25
","已办结
"
部门,"
投诉
",河北石家庄长安区安联新青年广场小区出行不便 建议修天桥,"
2020-04-23
","
2020-04-25
","已办结
"
部门,"
投诉
",河北石家庄桥西区汇明路工程今年施工吗？,"
2020-04-24
","
2020-04-25
","已办结
"
部门,"
投诉
",河北唐山市景泰翰林物业私自断停住户自来水 已停水两天,"
2020-04-14
","
2020-04-25
","已办结
"
魏县公安局,"
投诉
",,"
2020-04-21
","
2020-04-24
","已办结
"
魏县公安局,"
投诉
",,"
2020-03-30
","
2020-04-24
","已办结
"
魏县公安局,"
投诉
",,"
2020-04-01
","
2020-04-24
","已办结
"
魏县公安局,"
投诉
",河北邯郸魏县科教路一号有人组织赌博 望查处,"
2020-04-22
","
2020-04-24
","已办结
"
部门,"
投诉
",河北廊坊三河市从武汉返回人员 要自费集中隔离吗?,"
2020-04-10
","
2020-04-24
","已办结
"
部门,"
投诉
",从福州去石家庄长安区出两天需不需隔离,"
2020-04-24
","
2020-04-24
","已办结
"
部门,"
投诉
",河北衡水桃城区怡水花园四期夜间施工严重扰民,"
2020-03-26
","
2020-04-24
","已办结
"
部门,"
投诉
",河北衡水桃城区天悦府夜晚施工 是否合理？,"
2020-04-24
","
2020-04-24
","已办结
"
部门,"
投诉
",河北省张家口市桥东区准生证一天只有2个小时办公,"
2020-04-24
","
2020-04-24
","已办结
"
晋州市住建局,"
投诉
",石家庄市晋州金方丽城房本何时办？,"
2019-07-10
","
2020-04-24
","已办结
"
晋州市住建局,"
投诉
",河北石家庄晋州市总十庄镇拾美小镇何时开建？,"
2020-01-16
","
2020-04-24
","已办结
"
高邑县住建局,"
投诉
",河北石家庄高邑县祥云凤凰尚苑集体供暖难实现 已全部同意,"
2020-04-15
","
2020-04-24
","已办结
"
高邑县住建局,"
投诉
",河北石家庄高邑县平安里小区工程无进展,"
2020-04-16
","
2020-04-24
","已办结
"
石家庄市住房和城乡建设局,"
投诉
",河北石家庄东二环南延何时开始修建？,"
2020-04-22
","
2020-04-24
","已办结
"
石家庄市住房和城乡建设局,"
投诉
",河北石家庄无极中央公馆可以缴纳空置房物业费？,"
2020-04-23
","
2020-04-24
","已办结
"
部门,"
投诉
",河北张家口去廊坊燕郊需要隔离吗？集中还是居家？,"
2020-04-08
","
2020-04-24
","已办结
"
东光县住房和城乡建设局,"
投诉
",沧州市东光县东光怡心园飞龙东区物业捆绑销售 私自断电,"
2019-12-12
","
2020-04-24
","已办结
"
部门,"
投诉
",河北廊坊固安九鼎集团工地夜间施工扰民,"
2020-04-24
","
2020-04-24
","已办结
"
定州市交通运输局,"
投诉
",河北定州亚光驾校未走完学时 拒绝退费,"
2020-03-31
","
2020-04-24
","已办结
"
保定市竞秀区教体局,"
投诉
",河北保定竞秀区韩村是否会纳入竞秀学校片区？,"
2020-04-23
","
2020-04-24
","已办结
"
东光县住房和城乡建设局,"
投诉
",河北沧州市东光县楼盘备案限价5200元形同虚设,"
2020-04-15
","
2020-04-24
","已办结
"
沧州渤海新区公安分局,"
投诉
",沧州市南大港管理区非法公路设卡拦截正常行驶车辆,"
2020-04-21
","
2020-04-24
","已办结
"
承德县教育局,"
投诉
",河北承德圣继学校晚自习加时 望监管,"
2020-04-14
","
2020-04-24
","已办结
"
承德县教育局,"
投诉
",河北承德市承德县圣迹学校网课强度强 望解决,"
2020-04-14
","
2020-04-24
","已办结
"
保定市竞秀区教体局,"
咨询
",河北保定私立幼儿园疫情期间收费标准如何规定？,"
2020-04-20
","
2020-04-24
","已办结
"
部门,"
投诉
",河北保定车辆解抵押手续疫情期间能否代办？,"
2020-04-16
","
2020-04-24
","已办结
"
部门,"
投诉
",河北保定车管所货车提档5天了 还没邮寄,"
2020-04-21
","
2020-04-24
","已办结
"
部门,"
投诉
",河北保定莲池区乐凯高架桥南二环路口下道车速过快  危险,"
2020-04-03
","
2020-04-24
","已办结
"
承德市教育局,"
投诉
",河北承德九中再次占用周末考试 要求准备两部智能手机,"
2020-04-24
","
2020-04-24
","已办结
"
承德市教育局,"
投诉
",河北民族师范学院附属中学再次占用周末时间 用来考试,"
2020-04-24
","
2020-04-24
","已办结
"
枣强县自然资源和规划局,"
咨询
",,"
2020-03-12
","
2020-04-24
","已办结
"
廊坊市安次区人力资源和社…,"
投诉
",河北廊坊富士康克扣工资 承诺不落实,"
2020-04-17
","
2020-04-24
","已办结
"
廊坊市安次区人力资源和社…,"
投诉
",河北廊坊富智康拖欠职工工资不发,"
2020-04-21
","
2020-04-24
","已办结
"
邯郸市医疗保障局,"
投诉
",河北邯郸住院发票遗失 医保报销困难,"
2020-04-14
","
2020-04-24
","已办结
"
围场满族蒙古族自治县教育…,"
投诉
",河北承德市围场卉原中学是否可以放五一假期？,"
2020-04-22
","
2020-04-24
","已办结
"
部门,"
投诉
",河北石家庄晋州市滨河国际项目夜间施工扰民 整夜施工,"
2020-04-13
","
2020-04-24
","已办结
"
唐山市自然资源和规划局,"
投诉
",河北唐山路北区祥明里蓝天楼不动产产权何时能有,"
2020-04-14
","
2020-04-24
","已办结
"
唐山市自然资源和规划局,"
投诉
",河北省唐山市路北区蓝天楼入住20年没房本,"
2020-04-14
","
2020-04-24
","已办结
"
唐山市自然资源和规划局,"
投诉
",河北唐山路北区卫国路蓝天楼祥明里迟迟不下房本,"
2020-04-15
","
2020-04-24
","已办结
"
运河区市场监督管理局,"
投诉
",河北沧州金阳停车服务中心乱收停车费,"
2020-04-13
","
2020-04-24
","已办结
"
围场满族蒙古族自治县教育…,"
投诉
",河北承德围场卉原中学网课时间长 一个月仅放假一天,"
2020-03-25
","
2020-04-24
","已办结
"
围场满族蒙古族自治县教育…,"
投诉
",河北承德市围场卉原中学清明节不放假 学生多次请求,"
2020-04-03
","
2020-04-24
","已办结
"
秦皇岛市公安局,"
投诉
",河北秦皇岛5名农民工7年前被群殴致轻伤 至今不抓捕不让追究,"
2020-04-24
","
2020-04-24
","已办结
"
肃宁县公安局,"
投诉
",河北沧州市肃宁25万元彩礼结婚3个月 离婚后仅退7万,"
2020-04-20
","
2020-04-24
","已办结
"
清河县住房和城乡建设局,"
投诉
",河北邢台市清河县英伦城邦小区不动工 何时交房？,"
2020-04-24
","
2020-04-24
","已办结
"
景县住房和城乡建设局,"
投诉
",河北衡水景县帝景苑一房二卖无人管,"
2020-04-15
","
2020-04-24
","已办结
"
景县住房和城乡建设局,"
投诉
",河北衡水景县北城国际无证销售 不退房款,"
2020-04-15
","
2020-04-24
","已办结
"
景县住房和城乡建设局,"
投诉
",河北衡水景县康居佳苑无购房合同,"
2020-04-08
","
2020-04-24
","已办结
"
部门,"
投诉
",河北沧州新华区天成熙园环卫施工车辆夜间扰民,"
2020-04-23
","
2020-04-24
","已办结
"
清河县住房和城乡建设局,"
投诉
",河北邢台市清河县英伦城邦收钱房子不盖,"
2020-04-23
","
2020-04-24
","已办结
"
邯郸市住房公积金管理中心,"
投诉
",河北邯郸中介改房证户型图致骗取公积金贷款,"
2020-04-16
","
2020-04-24
","已办结
"
石家庄市长安区住建局,"
投诉
",河北石家庄御江景城小区交房一年临水临电没天然气 电供暖效果差,"
2020-04-24
","
2020-04-24
","已办结
"
石家庄市长安区教育局,"
咨询
",河北石家庄长安区成龙星艺幼儿园有正规备案吗？,"
2020-04-20
","
2020-04-24
","已办结
"
望都县卫生健康局,"
投诉
",河北保定居民到山东出差归来 还用隔离吗？,"
2020-04-24
","
2020-04-24
","已办结
"
国网献县供电公司,"
投诉
",河北献县淮镇供电所电工为小工业户安装三向电 影响村民用电,"
2020-04-22
","
2020-04-24
","已办结
"
部门,"
投诉
",河北唐山路南区燕京小区210楼安全通道被占为私人车位,"
2020-04-24
","
2020-04-24
","已办结
"
唐山市住房和城乡建设局,"
投诉
",河北唐山市凤凰园南园400楼不改分户供暖 浪费热源,"
2020-04-15
","
2020-04-24
","已办结
"
唐山市热力总公司,"
投诉
",河北唐山恒茂国际都会6号楼地下热力站噪音大 望解决,"
2020-04-13
","
2020-04-24
","已办结
"
河间市医保局,"
投诉
",沧州河间居民户口迁移后原籍城乡居民医保如何处理？,"
2019-11-06
","
2020-04-24
","已办结
"
河间市医保局,"
咨询
",沧州河间居民曾在外地办理医保 现在如何缴费？,"
2019-11-01
","
2020-04-24
","已办结
"
邢台市桥西区住建局,"
投诉
",河北邢台三峰万和城项目停工不交房,"
2020-04-23
","
2020-04-24
","已办结
"
邢台市桥西区住建局,"
投诉
",河北邢台三峰万和城逾期交房 望监管,"
2020-04-23
","
2020-04-24
","已办结
"
部门,"
投诉
",河北唐山遵化市龙凤书香苑一期底商高音喇叭扰民,"
2020-04-21
","
2020-04-24
","已办结
"
廊坊市税务局,"
投诉
",河北廊坊大厂紫涵园违规代收契税,"
2020-04-08
","
2020-04-24
","已办结
"
廊坊市税务局,"
投诉
",河北省廊坊大厂湖韵澜湾小区税务系统无指导价 无法过户,"
2020-04-15
","
2020-04-24
","已办结
"
邯郸市自然资源和规划局,"
投诉
",邯郸圣水湖畔交房四年不办理房产证,"
2019-01-17
","
2020-04-24
","已办结
"
部门,"
投诉
",河北廊坊香河县安平镇长桥郡小区垃圾不处理,"
2020-02-02
","
2020-04-24
","已办结
"
部门,"
投诉
",河北廊坊香河香汐花园西门私搭乱建 望拆除,"
2020-03-12
","
2020-04-24
","已办结
"
邯郸市自然资源和规划局,"
投诉
",邯郸宏达圣水湖畔小区交房五年无不动产证,"
2019-01-21
","
2020-04-24
","已办结
"
部门,"
投诉
",河北廊坊香河疫情期间马路边露天小吃摆摊,"
2020-03-25
","
2020-04-24
","已办结
"
部门,"
投诉
",河北廊坊安平镇香汐小区水质差 黑水夹杂漂浮物,"
2020-03-27
","
2020-04-24
","已办结
"
部门,"
投诉
",河北廊坊香河安平镇安泰南路两侧违章建筑无照经营 噪音扰民,"
2020-04-14
","
2020-04-24
","已办结
"
邯郸市自然资源和规划局,"
投诉
",邯郸市心海假日交房七年 不办理房产证,"
2019-03-06
","
2020-04-24
","已办结
"
邯郸市自然资源和规划局,"
投诉
",邯郸市邯山区仁达房地产润田丰尚逾期不交房,"
2019-12-10
","
2020-04-24
","已办结
"
邯郸市自然资源和规划局,"
投诉
",,"
2019-12-05
","
2020-04-24
","已办结
"
邯郸市自然资源和规划局,"
投诉
",邯郸华浩广星源小区 交房五年没有正式发票,"
2019-12-06
","
2020-04-24
","已办结
"
邯郸市自然资源和规划局,"
投诉
",邯郸市丛台区华浩广星源小区 交房五年没有房产证,"
2019-12-13
","
2020-04-24
","已办结
"
邯郸市自然资源和规划局,"
投诉
",河北邯郸赵都华府房产证下不来,"
2020-01-09
","
2020-04-24
","已办结
"
邯郸市自然资源和规划局,"
投诉
",河北邯郸市心海假日交房七年不办房产证,"
2020-02-06
","
2020-04-24
","已办结
"
邯郸市自然资源和规划局,"
投诉
",河北邯郸市实达房地产一直不给办理不动产证,"
2020-03-06
","
2020-04-24
","已办结
"
邯郸市自然资源和规划局,"
投诉
",河北邯郸市北海庄园26号楼十几年没办产权证 盼解决,"
2020-04-15
","
2020-04-24
","已办结
"
邯郸市生态环境局,"
投诉
",邯郸远实凤凰城小区国强面馆油烟污染扰民,"
2019-04-03
","
2020-04-24
","已办结
"
邯郸市住房保障和房产管理…,"
投诉
",河北邯郸丛台区锦尚龙城小区长期停工,"
2020-04-23
","
2020-04-24
","已办结
"
邯郸市住房保障和房产管理…,"
投诉
",河北邯郸武安市高坡新村小区管理混乱,"
2020-04-23
","
2020-04-24
","已办结
"
邯郸市住房保障和房产管理…,"
投诉
",河北邯郸华浩广兴源旗下物业公司乱收费,"
2020-04-23
","
2020-04-24
","已办结
"
邯郸市住房保障和房产管理…,"
投诉
",河北邯郸冀南新区翡翠郡小区8号楼一层破坏绿地,"
2020-04-22
","
2020-04-24
","已办结
"
沧州市城市管理综合行政执…,"
投诉
",河北沧州亚龙湾小区规划路与重庆路交口有深坑,"
2020-04-21
","
2020-04-24
","已办结
"
部门,"
投诉
",河北廊坊大厂祁各庄紫藤园无停车位 如何安装充电桩,"
2020-03-30
","
2020-04-24
","已办结
"
大城县建设局,"
投诉
",河北廊坊市大城县煤改气补贴何时发？,"
2020-03-12
","
2020-04-24
","已办结
"
河北移动沧州分公司,"
投诉
",河北沧州移动用户携号转网要求赔付,"
2020-04-17
","
2020-04-24
","已办结
"
部门,"
投诉
",河北石家庄桥西区时光街与建国路交口东南角绿地建议升级,"
2020-04-22
","
2020-04-24
","已办结
"
献县生态环境局,"
投诉
",河北省沧州市献县三无企业粉尘污染,"
2020-04-21
","
2020-04-24
","已办结
"
灵寿县住建局,"
投诉
",河北石家庄灵寿县凯尊首府不交房,"
2020-04-22
","
2020-04-24
","已办结
"
石家庄鹿泉区交通运输局,"
投诉
",河北石家庄鹿泉宏润驾校不退费 望解决,"
2020-04-16
","
2020-04-24
","已办结
"
鹿泉区寺家庄镇人民政府,"
求助
",河北石家庄鹿泉区城市傲居小区开发商跑路 退款难,"
2020-04-17
","
2020-04-24
","已办结
"
广阳区生态环境局,"
投诉
",河北廊坊广阳区四季公馆工地半夜施工 噪音扰民,"
2020-03-30
","
2020-04-24
","已办结
"
邯郸市城市管理和综合行政…,"
投诉
",河北邯郸泊车停车半小时短信通知停了100小时 乱收费,"
2020-04-20
","
2020-04-24
","已办结
"
沧州新华区人社局,"
投诉
",河北沧州华成汽车贸易有限公司不签订劳动合同不缴纳社保,"
2020-04-24
","
2020-04-24
","已办结
"
永清县建设局,"
投诉
",河北廊坊永清幸福家园购房七年 至今仍不交房,"
2020-04-15
","
2020-04-24
","已办结
"
永清县建设局,"
投诉
",河北廊坊幸福家园七期什么时候可以办房本,"
2020-04-15
","
2020-04-24
","已办结
"
永清县建设局,"
投诉
",河北廊坊市永清县瑞祥家园收了意向金  不退,"
2020-04-16
","
2020-04-24
","已办结
"
永清县建设局,"
投诉
",河北廊坊永清清城湾无证销售不退款,"
2020-04-15
","
2020-04-24
","已办结
"
永清县建设局,"
投诉
",河北廊坊永清布鲁克林房子延期交房 退房无果,"
2020-04-16
","
2020-04-24
","已办结
"
部门,"
投诉
",河北省唐山市丰南区朝阳大街友发钢管路段大车停路中间,"
2020-04-23
","
2020-04-24
","已办结
"
河间市教育局,"
投诉
",河北沧州河间老师公积金缴存一直未到账户 咋回事？,"
2020-04-22
","
2020-04-24
","已办结
"
邯郸市生态环境局,"
投诉
",邯郸市馆陶县李井寨村煤场污染 无人处理,"
2019-08-08
","
2020-04-24
","已办结
"
邯郸市生态环境局,"
投诉
",邯郸永年区施庄村烧烤大排档无餐饮许可证 无消防设施,"
2019-07-29
","
2020-04-24
","已办结
"
邯郸市生态环境局,"
投诉
",邯郸市职教中心半夜不关大门口电子屏常亮光污染,"
2019-09-12
","
2020-04-24
","已办结
"
邯郸市生态环境局,"
投诉
",邯郸丛台区机械清扫大队露天倾泄清扫物噪音扰民,"
2019-09-06
","
2020-04-24
","已办结
"
丛台区生态环境局,"
投诉
",邯郸市联纺东路梨乡情饭店夜间噪音扰民,"
2019-12-19
","
2020-04-24
","已办结
"
邯郸市生态环境局,"
投诉
",邯郸汉光实验小学（北湖校区）早上大喇叭广播 噪音扰民,"
2019-09-29
","
2020-04-24
","已办结
"
邯郸市生态环境局,"
投诉
",邯郸市邯山区华莱士新园店门市拉杆音响扰民,"
2019-10-16
","
2020-04-24
","已办结
"
邯郸市生态环境局,"
投诉
",邯郸市赵都新城盛和路噪音扰民,"
2019-10-25
","
2020-04-24
","已办结
"
邯郸市生态环境局,"
投诉
",邯郸市安居东城小区北侧工地晚上严重扰民,"
2019-05-22
","
2020-04-24
","已办结
"
灵寿县住建局,"
投诉
",河北石家庄灵寿县四季花城项目迟迟不动工 望监管,"
2020-04-21
","
2020-04-24
","已办结
"
灵寿县住建局,"
投诉
",河北石家庄市灵寿县凯尊首府购房2年不动工 不能盖就退款,"
2020-04-23
","
2020-04-24
","已办结
"
丛台区生态环境局,"
投诉
",邯郸丛台区拉德芳斯北区乐味火锅店夜间经营扰民,"
2019-06-28
","
2020-04-24
","已办结
"
复兴区生态环境局,"
投诉
",邯郸市复兴区箭岭小区南市场早夜市噪音扰民,"
2019-11-11
","
2020-04-24
","已办结
"
高碑店市住房和城乡建设局,"
投诉
",河北保定高碑店昊龙阖府小区退房迟迟不退款,"
2020-03-31
","
2020-04-24
","已办结
"
沽源县住房和城乡规划建设…,"
投诉
",河北张家口沽源县洪源小区物业乱收费,"
2020-04-23
","
2020-04-24
","已办结
"
永年区生态环境局,"
投诉
",邯郸市永年区城区建安街海龙湾小区广场舞声音大,"
2019-04-30
","
2020-04-24
","已办结
"
邯郸市生态环境局,"
投诉
",邯郸复兴区箭岭西区广场舞扰民,"
2019-06-17
","
2020-04-24
","已办结
"
涉县生态环境局,"
投诉
",河北邯郸涉县西林科技公司放炮崩山 附近村民房屋出现裂痕,"
2020-04-01
","
2020-04-24
","已办结
"
部门,"
投诉
",河北保定涿州市小区门口路灯杆挡路造成交通事故,"
2020-04-22
","
2020-04-24
","已办结
"
邯郸市自然资源和规划局,"
投诉
",邯郸市复兴区御景苑号多年房产证未办,"
2019-12-31
","
2020-04-24
","已办结
"
邯郸市自然资源和规划局,"
投诉
",邯郸丛台区汉城华都交房2年不给办理房产证,"
2019-12-25
","
2020-04-24
","已办结
"
邯郸市自然资源和规划局,"
投诉
",河北邯郸丛台区广星源室入住6年没有房产证 何时办？,"
2020-01-19
","
2020-04-24
","已办结
"
邯郸市自然资源和规划局,"
投诉
",河北邯郸市金碧苑北区迟迟不办不动产证,"
2020-03-03
","
2020-04-24
","已办结
"
邯郸市自然资源和规划局,"
投诉
",邯郸市陶然新城小区交房3年没有房产证,"
2019-06-18
","
2020-04-24
","已办结
"
邯郸市自然资源和规划局,"
投诉
",邯郸市复兴区御景苑小区6号楼 购房7年无法办理房产,"
2019-12-30
","
2020-04-24
","已办结
"
石家庄市长安区教育局,"
咨询
",河北石家庄长安区天洲视界城配套配建初中是哪所？,"
2020-04-22
","
2020-04-24
","已办结
"
邯郸市自然资源和规划局,"
投诉
",邯郸丛台区华浩广星源小区交房5年不给发票,"
2019-12-19
","
2020-04-24
","已办结
"
邯郸市自然资源和规划局,"
投诉
",邯郸复兴区金泽苑小区十年之久不办证,"
2019-12-24
","
2020-04-24
","已办结
"
石家庄市长安区教育局,"
投诉
",河北石家庄长安区御江景城小区没有配套小学 卡到哪一步了？,"
2020-04-23
","
2020-04-24
","已办结
"
邯郸市自然资源和规划局,"
投诉
",邯郸市丛台区广星源小区不给业主办房产证,"
2019-12-27
","
2020-04-24
","已办结
"
邯郸市自然资源和规划局,"
投诉
",邯郸市丛台区广星源小区不给业主办理房产证,"
2019-12-27
","
2020-04-24
","已办结
"
邯郸市自然资源和规划局,"
投诉
",河北邯郸市华浩广兴源小区6年不能办理房产证,"
2020-04-22
","
2020-04-24
","已办结
"
石家庄市长安区教育局,"
投诉
",河北石家庄市御江景城小区孩子无学可上,"
2020-04-22
","
2020-04-24
","已办结
"
三河市教育和体育局,"
投诉
",河北廊坊三河市燕郊富地悦宝园不退费 望监管,"
2020-04-22
","
2020-04-24
","已办结
"
中捷产业园区建设局,"
投诉
",河北沧州中捷坤元九号院交房已延期10个月 项目几乎停滞,"
2020-04-21
","
2020-04-24
","已办结
"
定州市市场监督管理局,"
投诉
",河北定州京东快递丢失货物 拒不理赔,"
2020-04-13
","
2020-04-24
","已办结
"
河间市教育局,"
投诉
",河北沧州河间合同制教师被拖欠工资长达7个月 求助,"
2020-04-22
","
2020-04-24
","已办结
"
河间市教育局,"
投诉
",河北沧州河间市合同老师迟迟不能入编,"
2020-04-22
","
2020-04-24
","已办结
"
石家庄市桥西区卫生健康局,"
咨询
",河北石家庄居民从武汉返回 检测合格后能否居家隔离？,"
2020-04-23
","
2020-04-24
","已办结
"
恒大集团石家庄公司,"
投诉
",河北沧州恒大城不让装新能源汽车充电桩 安装先交1500元,"
2020-04-16
","
2020-04-24
","已办结
"
恒大集团石家庄公司,"
投诉
",河北沧州恒大城回迁区入住5年不办证 小区破烂物业不作为,"
2020-04-23
","
2020-04-24
","已办结
"
献县公安局,"
投诉
",河北沧州献县未成年人是否可以当户主？,"
2020-04-14
","
2020-04-24
","已办结
"
部门,"
投诉
",邯郸市丛台区曙光路水景南岸门卫私搭乱建 影响进出,"
2019-08-21
","
2020-04-24
","已办结
"
部门,"
投诉
",河北石家庄新华区上城浩林园北门违章停车严重,"
2020-04-23
","
2020-04-24
","已办结
"
部门,"
投诉
",,"
2020-01-15
","
2020-04-24
","已办结
"
部门,"
投诉
",河北邯郸涉县河南店309国道直行路旁无禁止标识,"
2020-04-15
","
2020-04-24
","已办结
"
恒大集团石家庄公司,"
投诉
",邯郸恒大绿洲违规销售查封房 拒不退房也不处理,"
2020-03-05
","
2020-04-24
","已办结
"
广阳区生态环境局,"
投诉
",廊坊市广阳区四季家园夜间施工扰民,"
2019-12-31
","
2020-04-24
","已办结
"
部门,"
投诉
",五一期间出省后返回河北石家庄后是否需要隔离？,"
2020-04-24
","
2020-04-24
","已办结
"
东光县住房和城乡建设局,"
投诉
",沧州东光东升骏景三年不供天然气,"
2019-05-15
","
2020-04-24
","已办结
"
广阳区生态环境局,"
投诉
",河北廊坊金光道修路 噪音影响休息,"
2020-03-27
","
2020-04-24
","已办结
"
恒大集团石家庄公司,"
投诉
",邯郸市恒大绿洲楼购买房却被查封,"
2020-03-05
","
2020-04-24
","已办结
"
恒大集团石家庄公司,"
投诉
",河北邯郸恒大御景半岛员工欺骗消费者,"
2020-03-25
","
2020-04-24
","已办结
"
恒大集团石家庄公司,"
投诉
",河北邯郸恒大御景半岛售楼员骗客户 承诺返点不兑现,"
2020-03-26
","
2020-04-24
","已办结
"
部门,"
投诉
",河北廊坊三河市行宫东大街街道金谷社区辱骂殴打办事人员,"
2020-03-19
","
2020-04-24
","已办结
"
平山县交通运输局,"
投诉
",河北石家庄市平山县新平山驾校关闭 千名学员考驾照无望,"
2020-04-22
","
2020-04-24
","已办结
"
定州市公安局,"
咨询
",河北定州居民诉讼离异无法提供户口本 如何迁出户口？,"
2020-04-23
","
2020-04-24
","已办结
"
沧州市运河区教育局,"
投诉
",河北沧州市运河区四幼招生条件是什么？8月办好居住证可以吗？,"
2020-04-21
","
2020-04-24
","已办结
"
沧州市运河区教育局,"
投诉
",河北沧州运河区水月寺幼儿园咨招生条件是什么？,"
2020-04-17
","
2020-04-24
","已办结
"
孟村公安局,"
投诉
",河北沧州孟村交警队向事故当事人收取司法鉴定费用,"
2020-02-17
","
2020-04-24
","已办结
"
邢台市城管执法局,"
投诉
",河北邢台市青青小镇小区天然气什么时候可以使用？,"
2020-04-22
","
2020-04-24
","已办结
"
邯郸市自然资源和规划局,"
投诉
",邯郸市隆基泰和未来城私自改规划,"
2020-03-05
","
2020-04-24
","已办结
"
邯郸市自然资源和规划局,"
投诉
",,"
2020-03-05
","
2020-04-24
","已办结
"
部门,"
投诉
",河北石家庄长安区中基礼域小区消防设施检查不到位,"
2020-04-07
","
2020-04-24
","已办结
"
部门,"
投诉
",河北石家庄长安区桃园镇水岸丽景小区高层私拉电线,"
2020-04-03
","
2020-04-24
","已办结
"
石家庄市长安区住建局,"
投诉
",河北石家庄明瀚花香城五证不全 望协调退款,"
2020-04-23
","
2020-04-24
","已办结
"
石家庄市长安区住建局,"
投诉
",河北省石家庄市长安区桃园丽Z城退房如登天,"
2020-04-23
","
2020-04-24
","已办结
"
石家庄市长安区住建局,"
投诉
",河北石家庄京州科技城项目至今未动工,"
2020-04-23
","
2020-04-24
","已办结
"
恒大集团石家庄公司,"
投诉
",河北石家庄裕华区恒大雅苑出行难 比山路还难走,"
2020-04-13
","
2020-04-24
","已办结
"
恒大集团石家庄公司,"
投诉
",,"
2019-05-08
","
2020-04-24
","已办结
"
石家庄市长安区住建局,"
投诉
",河北石家庄长安区御江景城小区宽带垄断 三大运营商进不来,"
2020-04-24
","
2020-04-24
","已办结
"
部门,"
投诉
",河北省保定市定兴县北河镇户籍无法迁入,"
2020-04-02
","
2020-04-24
","已办结
"
丰宁满族自治县教育局,"
投诉
",河北省承德市丰宁朝阳民族学校网课还是80分钟 忽悠人,"
2020-03-27
","
2020-04-24
","已办结
"
涿州市公安局,"
投诉
",河北保定涿州户主迁走户口后 孩子的户口怎么办？,"
2020-04-22
","
2020-04-24
","已办结
"
邯郸华润燃气有限公司,"
投诉
",河北邯郸华润燃气公司乱罚款 燃气从没开阀要罚1.4万元,"
2020-04-23
","
2020-04-24
","已办结
"
围场满族蒙古族自治县住建…,"
投诉
",河北承德围场河东新村二区何时能给网签？,"
2020-04-13
","
2020-04-24
","已办结
"
围场满族蒙古族自治县住建…,"
投诉
",河北承德市围场县河东新村二期不交房,"
2020-04-16
","
2020-04-24
","已办结
"
围场满族蒙古族自治县住建…,"
投诉
",河北承德围场县河东新村无法网签 望解决,"
2020-04-16
","
2020-04-24
","已办结
"
围场满族蒙古族自治县住建…,"
投诉
",河北省承德市围场河东新村迟迟不交房,"
2020-04-21
","
2020-04-24
","已办结
"
定州市公安局,"
咨询
",河北定州增驾D本何时可以考试？,"
2020-04-23
","
2020-04-24
","已办结
"
肃宁县住房和城乡建设局,"
投诉
",河北沧州市肃宁尚村裘皮城购买商铺不办产权证 违约退款难,"
2020-04-10
","
2020-04-24
","已办结
"
衡水市发展和改革委员会,"
投诉
",河北衡水市区南苑小区物业收水费5.61吨,"
2020-04-22
","
2020-04-24
","已办结
"
临城县生态环境局,"
投诉
",,"
2020-04-09
","
2020-04-24
","已办结
"
临西县生态环境局,"
投诉
",,"
2020-04-15
","
2020-04-24
","已办结
"
部门,"
投诉
",河北石家庄市御江景城小区玖华宽带垄断 三大运营商进不来,"
2020-04-24
","
2020-04-24
","已办结
"
唐山市自然资源和规划局,"
投诉
",唐山安联优悦城入住4年不办理房本 户口迁入手续没落实,"
2020-01-13
","
2020-04-24
","已办结
"
唐山市自然资源和规划局,"
投诉
",唐山市路北区新天地美域不动产证至今未办理 小区还在使用临时电,"
2019-12-27
","
2020-04-24
","已办结
"
唐山市自然资源和规划局,"
求助
",唐山路北区新华园小区入住近10年没房本,"
2019-12-30
","
2020-04-24
","已办结
"
唐山市自然资源和规划局,"
投诉
",唐山路北新华园户主入住10年无房本,"
2019-12-30
","
2020-04-24
","已办结
"
唐山市自然资源和规划局,"
投诉
",唐山市路北区新华一号小区入住十年无法办理房本,"
2019-12-30
","
2020-04-24
","已办结
"
唐山市自然资源和规划局,"
投诉
",唐山市路北区新华一号十年拿不到房本,"
2019-12-30
","
2020-04-24
","已办结
"
唐山市自然资源和规划局,"
投诉
",唐山市路北区新华园小区入住十年未办房产证,"
2019-12-30
","
2020-04-24
","已办结
"
唐山市自然资源和规划局,"
投诉
",唐山安联优悦城交房一年多不办房本 无法落户,"
2020-01-03
","
2020-04-24
","已办结
"
唐山市自然资源和规划局,"
投诉
",唐山新华园小区买房十年不办房产证 何时办？,"
2020-01-03
","
2020-04-24
","已办结
"
唐山市自然资源和规划局,"
投诉
",河北唐山市路北区安联优悦城房本何时能下？,"
2020-01-09
","
2020-04-24
","已办结
"
唐山市自然资源和规划局,"
投诉
",河北唐山路北区安联优悦城无房本,"
2020-01-13
","
2020-04-24
","已办结
"
唐山市自然资源和规划局,"
投诉
",河北唐山市路北区韩城新城东小区孩子无法上学 啥时才能办两证？,"
2020-01-14
","
2020-04-24
","已办结
"
唐山市自然资源和规划局,"
投诉
",河北唐山茂华小区二期122楼迟迟未办理房产证,"
2020-01-16
","
2020-04-24
","已办结
"
唐山市自然资源和规划局,"
投诉
",河北唐山市勒泰城迟迟不能办理房产证,"
2020-04-13
","
2020-04-24
","已办结
"
唐山市自然资源和规划局,"
投诉
",河北唐山新天地美域15何时能办房本？,"
2020-04-13
","
2020-04-24
","已办结
"
唐山市自然资源和规划局,"
投诉
",河北唐山韩城鼎旺瑞景d区不动产本何时能下,"
2020-04-14
","
2020-04-24
","已办结
"
唐山市自然资源和规划局开…,"
投诉
",河北唐山市开平区东城绿庭小区不办房本,"
2020-04-22
","
2020-04-24
","已办结
"
运河区市场监督管理局,"
投诉
",河北沧州市佰通汽贸担保公司不退还押金 打电话不接,"
2020-04-22
","
2020-04-24
","已办结
"
肃宁县人社局,"
投诉
",河北沧州肃宁育英学校近2月不发工资,"
2020-03-06
","
2020-04-24
","已办结
"
肃宁县人社局,"
投诉
",河北沧州肃宁朔黄铁路有限公司假期没了,"
2020-03-18
","
2020-04-24
","已办结
"
肃宁县人社局,"
感谢信
",河北沧州肃宁县梁村镇东风养殖新车间建设 拖欠工资,"
2020-03-31
","
2020-04-24
","已办结
"
沧县人社局,"
投诉
",沧州市运河区京贵中心安全事故无人负责,"
2020-04-21
","
2020-04-24
","已办结
"
部门,"
投诉
",沧州市新华区佳兴物流园公厕门损坏,"
2020-01-13
","
2020-04-24
","已办结
"
部门,"
投诉
",河北沧州市新华区御宇国际雅瑞苑门口乱停车 占道经营,"
2020-04-14
","
2020-04-24
","已办结
"
部门,"
投诉
",沧州市新华区华润燃气过户程序复杂,"
2020-04-20
","
2020-04-24
","已办结
"
张家口住房公积金管理中心,"
投诉
",河北张家口买房商业贷款能转公积金贷款吗？,"
2020-04-23
","
2020-04-24
","已办结
"
白沟新城规划建设局,"
投诉
",河北保定白沟御景园购房网签 不退款,"
2020-04-13
","
2020-04-24
","已办结
"
白沟新城规划建设局,"
投诉
",河北保定白沟君圣地产不给网签 申请退款无果,"
2020-04-20
","
2020-04-24
","已办结
"
霸州市人力资源和社会保障…,"
投诉
",河北廊坊霸州中博钢化玻璃制品公司离职后 拖欠工资就不给,"
2020-04-15
","
2020-04-24
","已办结
"
迁安市住建局,"
投诉
",河北省唐山迁安丰惠小区金三角公寓一直不给办房产证,"
2020-03-30
","
2020-04-24
","已办结
"
迁安市住建局,"
投诉
",河北唐山迁安紫霞胜境小区首付交了6年迟迟不交房,"
2020-04-20
","
2020-04-24
","已办结
"
迁安市住建局,"
投诉
",河北唐山迁安市中介收取八万元电商费不开发票 合理吗？,"
2020-01-15
","
2020-04-24
","已办结
"
迁安市住建局,"
投诉
",河北唐山迁安永顺嘉园十多年不给办房产证,"
2020-04-14
","
2020-04-24
","已办结
"
部门,"
投诉
",河北唐山路北区龙泽国际小区3号楼2单元北侧垃圾成堆,"
2020-04-21
","
2020-04-24
","已办结
"
安平县公安局,"
投诉
",河北衡水安平受害人呼吁尽快抓捕奔宝贷投资公司罪犯 归还血汗钱,"
2020-04-22
","
2020-04-24
","已办结
"
廊坊市广阳区卫生健康局,"
投诉
",河北廊坊市广阳区董村小区地下车库通风不畅 盼消毒,"
2020-02-14
","
2020-04-24
","已办结
"
廊坊市广阳区卫生健康局,"
投诉
",廊坊广阳流动人口想办二胎婚育证明 准生证 街道办说是办不了,"
2019-12-19
","
2020-04-24
","已办结
"
廊坊市广阳区卫生健康局,"
投诉
",河北廊坊市广阳区麻腮风疫苗长期缺货,"
2020-03-18
","
2020-04-24
","已办结
"
廊坊市广阳区卫生健康局,"
投诉
",河北廊坊市广阳区疾病预防控制中心不办理其他站点新生儿接种本,"
2020-04-15
","
2020-04-24
","已办结
"
石家庄市长安区住建局,"
投诉
",河北石家庄桃园丽Z城多长推迟交房,"
2020-04-23
","
2020-04-24
","已办结
"
石家庄市长安区住建局,"
投诉
",河北石家庄新源蜂巢违约停止返租,"
2020-04-22
","
2020-04-24
","已办结
"
石家庄市长安区住建局,"
投诉
",河北石家庄银佛家园何时可以交房,"
2020-04-22
","
2020-04-24
","已办结
"
石家庄市长安区住建局,"
投诉
",河北石家庄长安区谈固小区九区物业强制要求业主缴费,"
2020-04-21
","
2020-04-24
","已办结
"
石家庄市城市管理综合行政…,"
投诉
",河北石家庄大眼烧烤露天烧烤占道经营 影响市容,"
2020-04-23
","
2020-04-24
","已办结
"
石家庄市长安区住建局,"
投诉
",河北石家庄广银房地产公司拖延退房款和电商费,"
2020-04-20
","
2020-04-24
","已办结
"
石家庄市长安区住建局,"
投诉
",河北石家庄长安区西湖一品项目迟迟不交房,"
2020-04-22
","
2020-04-24
","已办结
"
滦州市医疗保障局,"
咨询
",河北唐山滦州居民异地就医备案 可以撤销吗？,"
2020-04-07
","
2020-04-24
","已办结
"
沧州高新区规划建设局,"
投诉
",沧州高新区弘仁里物业费未逾期电梯无法使用,"
2019-12-23
","
2020-04-23
","已办结
"
沧州高新区规划建设局,"
投诉
",沧州荣盛名邸五证不全 房款不退,"
2019-04-25
","
2020-04-23
","已办结
"
沧州高新区规划建设局,"
投诉
",沧州紫玉华府小区物业费与电梯捆绑 不交物业费不能使用电梯,"
2019-08-07
","
2020-04-23
","已办结
"
廊坊市广阳区卫生健康局,"
投诉
",河北廊坊市广阳区万庄镇采四小区有复工证明不让进出 要政府证明,"
2020-03-05
","
2020-04-23
","已办结
"
廊坊市广阳区卫生健康局,"
投诉
",,"
2020-02-21
","
2020-04-23
","已办结
"
沧州高新区规划建设局,"
投诉
",沧州河北工业大学科技园物业给业主断电,"
2020-01-08
","
2020-04-23
","已办结
"
廊坊市广阳区卫生健康局,"
投诉
",河北廊坊广阳区来自湖北随州人员 在防疫上是什么政策？,"
2020-04-23
","
2020-04-23
","已办结
"
部门,"
投诉
",廊坊大厂县英国宫五期紫藤园西门底商噪音油烟严重扰民,"
2020-04-21
","
2020-04-23
","已办结
"
部门,"
投诉
",河北廊坊市管道局五区大院附近工厂噪音扰民,"
2020-04-15
","
2020-04-23
","已办结
"
沧州市公安局交警支队,"
投诉
",河北沧州驾驶员培训基地办理销户 预约电话无法打通,"
2020-04-21
","
2020-04-23
","已办结
"
沧州市公安局交警支队,"
投诉
",河北沧州车管所预约电话难打通,"
2020-04-21
","
2020-04-23
","已办结
"
沧州市公安局交警支队,"
咨询
",河北沧州南皮什么时候可以车辆提档？,"
2020-04-21
","
2020-04-23
","已办结
"
三河市交通运输局,"
投诉
",河北廊坊燕郊市内公交车什么时候可以开放,"
2020-03-24
","
2020-04-23
","已办结
"
部门,"
投诉
",河北廊坊市华夏奥韵小区东侧工地夜间整晚施工 扰民严重,"
2020-04-08
","
2020-04-23
","已办结
"
围场满族蒙古族自治县住建…,"
投诉
",河北承德围场四合永镇祥顺花园住房位置与合同不符合 是否合法,"
2020-04-17
","
2020-04-23
","已办结
"
沧州市邮政管理局,"
投诉
",河北沧州市黄骅市中通圆通韵达等快递不派送 需自取不方便,"
2020-04-13
","
2020-04-23
","已办结
"
泊头市住房和城乡建设局,"
投诉
",河北沧州泊头湖玺御墅自来水公司水表坏三年才告知,"
2020-03-20
","
2020-04-23
","已办结
"
沧州市邮政管理局,"
投诉
",河北沧州黄骅多家快递不给派送 只送菜鸟驿站取货不方便,"
2020-04-13
","
2020-04-23
","已办结
"
武邑县住建局,"
投诉
",河北省衡水武邑东方明珠小区违规预售 房款不退,"
2020-03-03
","
2020-04-23
","已办结
"
沧州市公安局交警支队,"
投诉
",河北沧州运河区国家电网天成名著充电站长期停放燃油车,"
2020-04-21
","
2020-04-23
","已办结
"
泊头市住房和城乡建设局,"
投诉
",河北沧州泊头翰林茗苑小区空调外机防护栏刮落,"
2020-04-13
","
2020-04-23
","已办结
"
泊头市住房和城乡建设局,"
投诉
",河北沧州泊头市水钢琴小区水电费必须在物业缴纳,"
2020-04-14
","
2020-04-23
","已办结
"
大城县人力资源和社会保障…,"
投诉
",河北廊坊大城居民社保卡已制卡成功 一直未收到,"
2020-04-23
","
2020-04-23
","已办结
"
香河县住房和城乡建设局,"
投诉
",河北廊坊香河百川燃气无故停气 拒绝充值,"
2020-04-21
","
2020-04-23
","已办结
"
定州市人社局,"
咨询
",河北定州市往届高校毕业生档案如何放入职称信息？,"
2020-04-22
","
2020-04-23
","已办结
"
清河县住房和城乡建设局,"
投诉
",河北省邢台市清河县鸿翔国际小区7号楼延期交工,"
2020-04-13
","
2020-04-23
","已办结
"
献县卫生健康局,"
投诉
",河北沧州献县南河头乡卫生院打疫苗必须定制收费通知 不合理,"
2020-04-17
","
2020-04-23
","已办结
"
献县卫生健康局,"
咨询
",河北沧州献县孩子接种疫苗短信必须要开通吗？,"
2020-04-21
","
2020-04-23
","已办结
"
清河县住房和城乡建设局,"
投诉
",河北邢台市清河县泓祥国际三期5号楼无空调,"
2020-04-07
","
2020-04-23
","已办结
"
清河县住房和城乡建设局,"
投诉
",河北邢台清河泓祥国际三期5号楼未安装天然气 无法入住,"
2020-04-17
","
2020-04-23
","已办结
"
黄骅市住房和城乡建设局,"
投诉
",河北沧州黄骅市开发区冠骅房买房六年房也没盖,"
2020-04-23
","
2020-04-23
","已办结
"
沧州市城市管理综合行政执…,"
投诉
",河北沧州通翔园小区东侧违建请尽快拆除,"
2020-04-16
","
2020-04-23
","已办结
"
沧州市城市管理综合行政执…,"
投诉
",河北沧州市游商小贩小区门口乱摆摊 出行难,"
2020-04-20
","
2020-04-23
","已办结
"
沧州市税务局,"
投诉
",河北沧州华元房地产公司拖欠契税业主无法办房产证,"
2020-03-31
","
2020-04-23
","已办结
"
沧州市税务局,"
投诉
",河北沧州河间全额交付购房款后至今不给开具发票,"
2020-04-02
","
2020-04-23
","已办结
"
省人力资源和社会保障厅,"
咨询
",河北沧州青县交通运输专业高级工程师发明专利排前几名有效？,"
2020-04-16
","
2020-04-23
","已办结
"
部门,"
投诉
",河北廊坊永清县百盛商城道路破损 垃圾乱扔,"
2020-04-03
","
2020-04-23
","已办结
"
部门,"
投诉
",河北唐山丰南区朝阳大街友发钢管附近 大货车占道停车,"
2020-04-21
","
2020-04-23
","已办结
"
部门,"
投诉
",河北承德学校网络授课环境建议优化 不良言论影响授课,"
2020-04-20
","
2020-04-23
","已办结
"
沧州市税务局,"
投诉
",河北沧州二手房不动产过户税点要多交个人所得税吗？,"
2020-04-15
","
2020-04-23
","已办结
"
沧州市税务局,"
投诉
",河北沧州市离婚后分割房产交易时征收20％个税 合法吗？,"
2020-04-20
","
2020-04-23
","已办结
"
沧州市税务局,"
投诉
",河北沧州正达电气女职工无法办理退休,"
2020-04-09
","
2020-04-23
","已办结
"
部门,"
投诉
",河北唐山遵化亨泰小区马路边市场堵塞交通,"
2020-04-22
","
2020-04-23
","已办结
"
三河市自然资源和规划局,"
投诉
",河北廊坊三河高楼镇农村口粮地占用补偿标准是什么,"
2020-03-27
","
2020-04-23
","已办结
"
隆化县自然资源和规划局,"
投诉
",河北承德兴隆豪庭小区更改规划 5层商业变12层住宅,"
2020-04-23
","
2020-04-23
","已办结
"
石家庄市交通运输局,"
投诉
",河北石家庄市卓达太阳城内部道路成了智慧泊车 不合规,"
2020-04-16
","
2020-04-23
","已办结
"
燕郊高新区市政管理局,"
投诉
",河北廊坊三河燕郊镇冶金路西段坑多 急需修缮,"
2020-04-17
","
2020-04-23
","已办结
"
石家庄市公安交通管理局,"
求助
",河北石家庄和平路与新元高速交口附近蓝色停车位模糊 请重新施划,"
2020-04-22
","
2020-04-23
","已办结
"
石家庄市公安交通管理局,"
咨询
",河北石家庄外地人驾照考试暂停 要等多久？,"
2020-04-22
","
2020-04-23
","已办结
"
邯郸华润燃气有限公司,"
投诉
",河北邯郸华润燃气用户煤气泄漏称修不了 隐患严重尽快解决,"
2020-04-22
","
2020-04-23
","已办结
"
石家庄市交通运输局,"
投诉
",河北石家庄卓达太阳城阳光小区停车位居然变成智慧泊车 坑人,"
2020-04-16
","
2020-04-23
","已办结
"
石家庄市交通运输局,"
咨询
",河北石家庄栾城卓达太阳城内部道路设置智慧泊车 合理吗,"
2020-04-16
","
2020-04-23
","已办结
"
衡水市卫生健康局,"
投诉
",河北衡水哈院未按规定公示防疫补贴发放名单,"
2020-04-15
","
2020-04-23
","已办结
"
乐亭县公安局,"
投诉
",河北唐山乐亭县御景家园附近有一辆僵尸车 望清理,"
2020-04-15
","
2020-04-23
","已办结
"
部门,"
投诉
",,"
2020-04-13
","
2020-04-23
","已办结
"
唐山市公安局交警支队,"
投诉
",河北唐山车管所提档效率低 一星期没快递数据,"
2020-04-16
","
2020-04-23
","已办结
"
保定市莲池区人力资源和社…,"
投诉
",河北保定长城汽车长期扣押职工档案 离职5年不让转出,"
2020-04-23
","
2020-04-23
","已办结
"
石家庄市交通运输局,"
投诉
",河北石家庄市智慧泊车系统占用公共资源划线收费财政敛,"
2020-04-14
","
2020-04-23
","已办结
"
石家庄市长安区住建局,"
投诉
",河北石家庄长安区龙溪城小区物业不打扫卫生,"
2020-04-22
","
2020-04-23
","已办结
"
香河县教育局,"
咨询
",河北廊坊香河外地户口子女如何就读初中？,"
2020-04-22
","
2020-04-23
","已办结
"
香河县教育局,"
咨询
",河北廊坊香河2020年小学新生报名何时开始？,"
2020-04-22
","
2020-04-23
","已办结
"
石家庄市新华区卫生健康局,"
投诉
",河北石家庄外来湖北籍复工人员需要隔离吗？,"
2020-03-19
","
2020-04-23
","已办结
"
石家庄市新华区卫生健康局,"
投诉
",河北石家庄湖北低风险地区人员能否返回石家庄？,"
2020-03-25
","
2020-04-23
","已办结
"
石家庄市新华区卫生健康局,"
投诉
",河北石家庄赵陵铺防疫站只接种收费防疫针 免费疫苗拖延接种,"
2020-03-20
","
2020-04-23
","已办结
"
石家庄市新华区卫生健康局,"
投诉
",河北石家庄新华区对湖北低风险人员拒返石,"
2020-03-29
","
2020-04-23
","已办结
"
河间市交通运输局,"
投诉
",河北沧州河间驾考3年一直未联系练车 不退款,"
2020-04-13
","
2020-04-23
","已办结
"
运河区市场监督管理局,"
投诉
",河北沧州中科医院网上咨询低价引诱患者 号称300元实则两千元,"
2020-04-14
","
2020-04-23
","已办结
"
定州市民政局,"
投诉
",河北定州殡仪馆烟气排放是否达标？,"
2020-04-16
","
2020-04-23
","已办结
"
部门,"
投诉
",河北石家庄裕华区槐岭路华清南街到建华大街建议设置单行道,"
2020-04-22
","
2020-04-23
","已办结
"
运河区市场监督管理局,"
投诉
",河北沧州御景狮城小区物业公司乱收费,"
2020-04-17
","
2020-04-23
","已办结
"
吴桥县交通运输局,"
投诉
",河北沧州吴桥跨漳卫新河危桥多年未修好 非常危险,"
2020-04-16
","
2020-04-23
","已办结
"
保定市住房公积金管理中心,"
投诉
",河北保定安国市景苑家园7号楼现能办理公积金吗,"
2020-04-16
","
2020-04-23
","已办结
"
临漳县医疗保障局,"
投诉
",邯郸临漳新农合报销不给回执单不透明 七千多元才报销50元,"
2019-12-12
","
2020-04-23
","已办结
"
沧州市医疗保障局,"
咨询
",河北沧州2020年生育保险资料什么时候可以提交？,"
2020-04-21
","
2020-04-23
","已办结
"
沧州市医疗保障局,"
投诉
",河北沧州2020生育津贴报销按照10个月申报吗？,"
2020-04-16
","
2020-04-23
","已办结
"
文安县市场监督管理局,"
投诉
",河北廊坊文安民安华府小区物业收取6万元电商费,"
2020-04-21
","
2020-04-23
","已办结
"
武邑县住建局,"
投诉
",河北衡水武邑誉诚名苑小区二期交房四年未办房产证,"
2020-03-25
","
2020-04-23
","已办结
"
河间市卫生健康局,"
投诉
",,"
2020-04-20
","
2020-04-23
","已办结
"
省人力资源和社会保障厅,"
投诉
",河北省人社技能提升补贴上传证书慢 还不能申请,"
2020-04-22
","
2020-04-23
","已办结
"
石家庄市12315指挥中…,"
投诉
",河北石家庄庄里车洗车店跑路 洗车卡内余额无法要回,"
2020-04-13
","
2020-04-23
","已办结
"
石家庄市12315指挥中…,"
投诉
",河北石家庄洞庭水配送超市失联 已购水票不能换水,"
2020-04-09
","
2020-04-23
","已办结
"
部门,"
投诉
",河北沧州沧县移动开发区营业厅不办理携号转网,"
2020-04-22
","
2020-04-23
","已办结
"
正定新区建设局,"
投诉
",河北石家庄正定高新区亚视财富小区不按约定交房,"
2020-04-23
","
2020-04-23
","已办结
"
沧州市运河区城市管理局,"
投诉
",,"
2020-04-20
","
2020-04-23
","已办结
"
沧州市新华区住建局,"
投诉
",河北沧州枫尚国际无人打扫电梯经常坏 物业不管,"
2020-03-20
","
2020-04-23
","已办结
"
白沟新城规划建设局,"
投诉
",河北保定白沟凤凰城小区交了物业费物业不办事,"
2020-03-31
","
2020-04-23
","已办结
"
白沟新城规划建设局,"
投诉
",河北保定白沟凤凰城要求业主出资更换电梯,"
2020-03-31
","
2020-04-23
","已办结
"
白沟新城规划建设局,"
投诉
",河北保定白沟凤凰城小区电梯停运 业主无法出入,"
2020-04-15
","
2020-04-23
","已办结
"
武安市公安局,"
投诉
",河北邯郸武安疫情期间车辆年检能推迟吗？,"
2020-03-30
","
2020-04-23
","已办结
"
保定市人社局,"
咨询
",河北保定社保卡申请4个月 显示零星制卡 咋回事？,"
2020-04-14
","
2020-04-23
","已办结
"
保定市人社局,"
咨询
",河北保定涿州新生儿社会保障卡申请已4个月 何时下发？,"
2020-04-16
","
2020-04-23
","已办结
"
保定市人社局,"
投诉
",河北保定社保卡办理已经两个多月还没有办理下来,"
2020-04-21
","
2020-04-23
","已办结
"
白沟新城规划建设局,"
投诉
",河北保定白沟镇润远凤凰城小区电梯如何换新,"
2020-03-25
","
2020-04-23
","已办结
"
白沟新城规划建设局,"
投诉
",河北保定白沟隆基泰和紫金薹公寓两万定金 迟迟不退,"
2020-03-25
","
2020-04-23
","已办结
"
白沟新城规划建设局,"
投诉
",河北省保定白沟隆基泰和紫金薹公寓订房款迟迟未退,"
2020-03-26
","
2020-04-23
","已办结
"
沧州市新华区住建局,"
投诉
",沧州百合世嘉电梯频繁坏严重影响业主生活,"
2020-04-16
","
2020-04-23
","已办结
"
白沟新城规划建设局,"
投诉
",河北保定白沟万兴达广场商铺认购违规,"
2020-03-25
","
2020-04-23
","已办结
"
部门,"
投诉
",河北沧州沧县纸房头山胡庄小学至陈庄道路施工无防尘措施,"
2020-04-14
","
2020-04-23
","已办结
"
肃宁县卫生健康局,"
投诉
",河北沧州肃宁卫健局健康证办理有名额限制 不能预约,"
2020-03-16
","
2020-04-23
","已办结
"
肃宁县卫生健康局,"
投诉
",河北沧州市肃宁从天津出差人员 还需要隔离吗？,"
2020-04-10
","
2020-04-23
","已办结
"
部门,"
投诉
",河北衡水景县景新大街路灯杆晃动 有安全隐患,"
2020-04-22
","
2020-04-23
","已办结
"
部门,"
投诉
",河北唐山市开平区新苑路88号邮政快递车辆堵路,"
2020-04-15
","
2020-04-23
","已办结
"
唐山市自然资源和规划局,"
投诉
",河北唐山路北勒泰城小区迟迟不下房产证,"
2020-04-20
","
2020-04-23
","已办结
"
唐山市自然资源和规划局,"
投诉
",河北唐山北新道勒泰城房产证办不了 望解决,"
2020-04-20
","
2020-04-23
","已办结
"
唐山市自然资源和规划局,"
投诉
",河北唐山市路北区勒泰家园小区迟迟不办房本,"
2020-04-20
","
2020-04-23
","已办结
"
石家庄市长安区教育局,"
投诉
",河北石家庄外地户口本市有住房 是否可以入学？,"
2020-04-17
","
2020-04-23
","已办结
"
沧州运河区公安分局,"
投诉
",河北沧州市宏宇臻园的业主何时能办理落户,"
2020-04-15
","
2020-04-23
","已办结
"
石家庄市公共交通总公司,"
投诉
",河北石家庄市义务献血人员何时能免费乘坐公交车？,"
2020-04-22
","
2020-04-23
","已办结
"
石家庄市公共交通总公司,"
投诉
",河北石家庄鹿泉区寺家庄镇政府306公交班次太少,"
2020-04-22
","
2020-04-23
","已办结
"
内丘县卫生健康局,"
咨询
",,"
2020-04-22
","
2020-04-23
","已办结
"
鹿泉区公安局,"
咨询
",河北石家庄鹿泉国四柴油货车已禁止行驶上路了吗？,"
2020-04-22
","
2020-04-23
","已办结
"
文安县公安局,"
投诉
",河北廊坊文安县大柳河镇流庄村户口如何办理转移？,"
2020-04-21
","
2020-04-23
","已办结
"
省人力资源和社会保障厅,"
投诉
",,"
2020-03-25
","
2020-04-23
","已办结
"
省人力资源和社会保障厅,"
咨询
",河北承德滦平离岗创业单位是否给缴纳工伤保险和公积金？,"
2020-04-16
","
2020-04-23
","已办结
"
秦皇岛市人社局,"
投诉
",河北秦皇岛海涛集团欠薪不给,"
2020-04-23
","
2020-04-23
","已办结
"
石家庄市桥西区教育局,"
投诉
",河北石家庄桥西区宝睿幼儿园睿意园托费去年已预交 如何退费？,"
2020-04-22
","
2020-04-23
","已办结
"
部门,"
投诉
",河北唐山荣泰尚都小区市政道路拥堵 消防车来了进不来,"
2020-04-23
","
2020-04-23
","已办结
"
唐山市自然资源和规划局,"
投诉
",河北唐山路北区香木林小区交房10年至今不下房本,"
2020-04-20
","
2020-04-23
","已办结
"
唐山市自然资源和规划局,"
投诉
",河北唐山香木林物业收取契税大修基金及房本费 不办房本,"
2020-04-20
","
2020-04-23
","已办结
"
部门,"
投诉
",河北保定涿州市翡翠城小区违章建筑阻挡消费通道 安全隐患大,"
2020-03-20
","
2020-04-23
","已办结
"
部门,"
投诉
",,"
2020-04-20
","
2020-04-23
","已办结
"
三河市自然资源和规划局,"
投诉
",河北廊坊市燕郊镇西小屯村土地确权登记证书何时下发？,"
2020-04-15
","
2020-04-23
","已办结
"
三河市自然资源和规划局,"
投诉
",河北廊坊三河农村房产证什么时候发放？,"
2020-04-16
","
2020-04-23
","已办结
"
沧州市国资委,"
投诉
",河北沧州公交公司拒收人民币 乘车不方便,"
2020-04-07
","
2020-04-23
","已办结
"
唐山市公安局治安支队,"
投诉
",河北唐山无法办理省外户籍身份证,"
2020-04-13
","
2020-04-23
","已办结
"
任县公安局,"
投诉
",河北邢台任县邢湾德梦机械多收费 不退货,"
2020-04-15
","
2020-04-23
","已办结
"
涿州市公安局,"
投诉
",河北保定涿州107国道长城桥堵车严重 建议设立上下道,"
2020-04-22
","
2020-04-23
","已办结
"
三河市交通运输局,"
投诉
",河北廊坊三河燕郊路通驾校拒绝退费 不能练车,"
2020-04-20
","
2020-04-23
","已办结
"
三河市自然资源和规划局,"
投诉
",河北廊坊金谷爱舒荷12号楼房本不办 望监管,"
2020-04-15
","
2020-04-23
","已办结
"
唐山市自然资源和规划局,"
投诉
",唐山遵化市私人土地被挖采,"
2019-12-10
","
2020-04-23
","已办结
"
邯郸市公安局冀南新区分局,"
投诉
",河北邯郸大四学生能否改名字？,"
2020-04-23
","
2020-04-23
","已办结
"
唐山市自然资源和规划局,"
投诉
",河北唐山玉田金旺玉城交付多年不办房本,"
2020-04-08
","
2020-04-23
","已办结
"
唐山市自然资源和规划局,"
投诉
",唐山遵化西三里乡富力二期小区单元门无盲道,"
2020-01-02
","
2020-04-23
","已办结
"
唐山市自然资源和规划局,"
投诉
",河北唐山新天地美域私人露天停车场是否合规,"
2020-03-18
","
2020-04-23
","已办结
"
唐山市自然资源和规划局,"
投诉
",河北唐山市玉田县枫桥雅居小区业主交房2年还未办理房本,"
2020-03-26
","
2020-04-23
","已办结
"
唐山市自然资源和规划局,"
投诉
",河北唐山市文明楼5楼违章建筑加盖5层,"
2020-04-01
","
2020-04-23
","已办结
"
唐山市自然资源和规划局,"
投诉
",唐山市河茵公寓交房八年 房本遥遥无期,"
2019-11-04
","
2020-04-23
","已办结
"
承德市城市管理局,"
投诉
",河北承德小溪沟小区乱扣水费 不抄表估算不合理,"
2020-04-03
","
2020-04-23
","已办结
"
唐山市自然资源和规划局,"
投诉
",唐山市古冶区唐家庄4号康乐园增楼房本办理进度,"
2020-01-06
","
2020-04-23
","已办结
"
唐山市自然资源和规划局,"
投诉
",唐山市古冶区金山首府购房三年房本未能办理,"
2019-12-31
","
2020-04-23
","已办结
"
唐山市自然资源和规划局,"
投诉
",唐山市古冶金山首府小区2期迟迟不办房本,"
2020-01-03
","
2020-04-23
","已办结
"
固安县住房和城乡建设局,"
投诉
",河北廊坊固安县中盛星河湾出售人防车位 合规吗？,"
2020-04-15
","
2020-04-23
","已办结
"
保定市教育局,"
咨询
",河北保定市中职学校什么时候开学？,"
2020-04-22
","
2020-04-23
","已办结
"
石家庄市生态环境局,"
投诉
",河北石家庄卷闸厂施工无防护 噪音粉尘严重扰民,"
2020-04-15
","
2020-04-23
","已办结
"
邯郸市住房保障和房产管理…,"
投诉
",河北邯郸冀南新区水城别苑怎么迟迟不能交易？,"
2020-04-21
","
2020-04-23
","已办结
"
赵县自然资源和规划局,"
投诉
",河北石家庄赵县北城花园无法办理不动产证,"
2020-04-22
","
2020-04-23
","已办结
"
泊头市住房和城乡建设局,"
投诉
",河北沧州泊头泊乐广场出售商铺不按期返租金,"
2020-04-01
","
2020-04-23
","已办结
"
部门,"
投诉
",河北唐山市恒泰悦季小区四周道路泥泞不堪 影响市容,"
2020-04-22
","
2020-04-23
","已办结
"
邯郸市住房保障和房产管理…,"
投诉
",河北邯郸隆基泰和不退房款,"
2020-04-16
","
2020-04-23
","已办结
"
邯郸市住房保障和房产管理…,"
投诉
",河北邯郸市昶和房地产有限公司拒不退还房款,"
2020-04-16
","
2020-04-23
","已办结
"
邯郸市住房保障和房产管理…,"
投诉
",河北邯郸绿谷未来城违规预售,"
2020-04-16
","
2020-04-23
","已办结
"
隆尧县卫生健康局,"
投诉
",河北邢台隆尧县妇幼院系统维护未提前通知 白跑一趟,"
2020-04-21
","
2020-04-23
","已办结
"
部门,"
投诉
",河北沧州弘仁里小区宽带业务垄断收费高服务差,"
2020-04-03
","
2020-04-23
","已办结
"
部门,"
投诉
",河北廊坊大厂潮白馨居小区不让租户回小区 去哪隔离？,"
2020-03-13
","
2020-04-22
","已办结
"
部门,"
投诉
",河北唐山唐港高速交警事故车辆指派高价拖车 1300元,"
2020-04-16
","
2020-04-22
","已办结
"
三河市人力资源和社会保障…,"
投诉
",河北廊坊市三河市环保局不发工资 望监管,"
2020-04-08
","
2020-04-22
","已办结
"
部门,"
投诉
",河北唐山市缸窑路与建华东道交叉口北侧严重拥堵,"
2020-04-14
","
2020-04-22
","已办结
"
部门,"
投诉
",唐山市路北区时代景苑小区附近停车难 无停车位,"
2020-04-14
","
2020-04-22
","已办结
"
部门,"
投诉
",河北唐山路南区新华西道与华岩路交叉口非机动车道变停车场,"
2020-04-10
","
2020-04-22
","已办结
"
部门,"
投诉
",河北唐山部分路口闯红灯现象严重 建议安装信号灯,"
2020-04-09
","
2020-04-22
","已办结
"
部门,"
投诉
",河北唐山城区兴源道非机动车道大规模违法停车,"
2020-04-02
","
2020-04-22
","已办结
"
东光县住房和城乡建设局,"
投诉
",沧州东光县恒基花园小区配套设施不齐全 业主私自圈地,"
2019-08-02
","
2020-04-22
","已办结
"
东光县住房和城乡建设局,"
求助
",河北沧州市东光县交通局家属楼被强拆 业主损失无人管,"
2020-01-16
","
2020-04-22
","已办结
"
部门,"
投诉
",河北石家庄市新华区永泰街石建一公司宿舍环境差,"
2020-04-07
","
2020-04-22
","已办结
"
献县自然资源和规划局,"
投诉
",沧州献县宅基证丢失 查询国土局和档案局都没有信息,"
2020-01-08
","
2020-04-22
","已办结
"
丰南区农业农村局,"
投诉
",河北唐山南孙庄乡小张庄村树苗被拔 不让种,"
2020-04-16
","
2020-04-22
","已办结
"
定州市教育局,"
投诉
",河北定州学生从天津返回被教育局要求隔离 不合理,"
2020-04-22
","
2020-04-22
","已办结
"
部门,"
投诉
",河北廊坊香河安平运河新村北东门路口建议加装红绿灯,"
2020-04-16
","
2020-04-22
","已办结
"
石家庄市公共交通总公司,"
投诉
",河北石家庄居民建议恢复94路公交,"
2020-04-22
","
2020-04-22
","已办结
"
石家庄市公共交通总公司,"
建议
",河北石家庄居民建议136路公交车线路延长,"
2020-04-21
","
2020-04-22
","已办结
"
石家庄市公共交通总公司,"
建议
",石家庄居民建议138路公交终点站延长至柏林庄地铁站,"
2020-04-20
","
2020-04-22
","已办结
"
石家庄市公共交通总公司,"
投诉
",河北石家庄因修地铁绕行的多路公交 建议恢复原线路,"
2020-04-20
","
2020-04-22
","已办结
"
石家庄市公共交通总公司,"
投诉
",河北石家庄瀚林学校附近可否增开公交车,"
2020-04-16
","
2020-04-22
","已办结
"
石家庄市公共交通总公司,"
建议
",河北石家庄居民建议公交192路适当调整,"
2020-04-15
","
2020-04-22
","已办结
"
石家庄市公共交通总公司,"
投诉
",河北石家庄40、111路公交建议改走济北路 方便出行,"
2020-04-15
","
2020-04-22
","已办结
"
石家庄市公共交通总公司,"
投诉
",河北石家庄公交快1路建议增加体育场站,"
2020-04-14
","
2020-04-22
","已办结
"
石家庄市公共交通总公司,"
投诉
",石家庄市115路公交车早班车什么时候改成6点发车？,"
2020-04-14
","
2020-04-22
","已办结
"
巨鹿县市场监督管理局,"
投诉
",河北邢台巨鹿县御品江山逾期三年未交房,"
2020-04-16
","
2020-04-22
","已办结
"
邢台市桥东区住建局,"
投诉
",河北邢台景旭公园里小区商铺何时交房？,"
2020-04-07
","
2020-04-22
","已办结
"
邢台市桥东区住建局,"
投诉
",河北邢台桥东区二中南棚户区改造项目延期交房 十年了,"
2020-04-15
","
2020-04-22
","已办结
"
邢台市桥东区住建局,"
投诉
",河北邢台景旭公园里什么时候才能交房,"
2020-04-15
","
2020-04-22
","已办结
"
邢台市桥东区住建局,"
投诉
",河北省邢台市凤凰城梧桐苑什么时候交房,"
2020-04-20
","
2020-04-22
","已办结
"
部门,"
投诉
",河北廊坊车管所不上班 电话打不通,"
2020-03-26
","
2020-04-22
","已办结
"
部门,"
投诉
",河北廊坊市车管所城南分所留了预约电话打不通,"
2020-04-10
","
2020-04-22
","已办结
"
沧州开发区人社局,"
投诉
",沧州河北今日长缨环保公司欠薪 要个人拿钱缴社保,"
2020-04-17
","
2020-04-22
","已办结
"
部门,"
投诉
",河北衡水市大庆路问津街新修路面坑坑洼洼,"
2020-04-16
","
2020-04-22
","已办结
"
石家庄市公安局人口管理支…,"
咨询
",河北石家庄租房合同办理居住证可以走绿色通道吗？,"
2020-04-21
","
2020-04-22
","已办结
"
部门,"
投诉
",河北邯郸武安上班开车回邢台家 是否要隔离14天？,"
2020-03-12
","
2020-04-22
","已办结
"
部门,"
投诉
",石家庄市环城水系篮球场及网球场何时开放?,"
2019-09-20
","
2020-04-22
","已办结
"
邢台市桥东区住建局,"
投诉
",河北邢台市久新名苑延期交房 不施工,"
2020-03-30
","
2020-04-22
","已办结
"
邢台市桥东区住建局,"
投诉
",河北邢台久新名苑住宅项目迟迟不交房,"
2020-03-31
","
2020-04-22
","已办结
"
邢台市桥东区住建局,"
投诉
",河北邢台久新名苑迟迟不交房何时能交？,"
2020-04-15
","
2020-04-22
","已办结
"
部门,"
投诉
",外省回河北邯郸武安市还需要隔离吗？,"
2020-04-03
","
2020-04-22
","已办结
"
部门,"
投诉
",河北保定涿州市双塔区原检察院家属楼南边垃圾迟迟没有解决,"
2020-04-16
","
2020-04-22
","已办结
"
部门,"
投诉
",河北省廊坊市固安县柏村联通网络被中断 无法上网课,"
2020-04-08
","
2020-04-22
","已办结
"
部门,"
投诉
",河北廊坊香河县御湖湾小区占道经营 中午大喇叭叫卖,"
2020-04-15
","
2020-04-22
","已办结
"
沧州市医疗保障局,"
投诉
",河北沧州市职工慢性病没有甲减 盼调整目录,"
2020-04-16
","
2020-04-22
","已办结
"
沧州市卫生健康委员会,"
投诉
",河北沧州肃宁居民家庭健康档案转移失败 该怎么办？,"
2020-04-21
","
2020-04-22
","已办结
"
保定市税务局,"
投诉
",河北保定涿州天地新城收取契税已经3年 至今没见到房本,"
2020-04-02
","
2020-04-22
","已办结
"
保定市税务局,"
投诉
",河北保定涿州天地新城收取契税已经3年 三年不办证,"
2020-04-08
","
2020-04-22
","已办结
"
国网沧州供电公司,"
投诉
",沧州献县供电公司拖欠员工工资,"
2019-03-01
","
2020-04-22
","已办结
"
国网沧州供电公司,"
投诉
",沧州南皮香涛家园电费高于国家定价,"
2019-01-09
","
2020-04-22
","已办结
"
保定市税务局,"
投诉
",河北保定弘德缘开发商收取契税及公共维修基金,"
2020-04-16
","
2020-04-22
","已办结
"
保定市税务局,"
投诉
",河北保定涿州弘德缘小区代收代缴契税 望协助,"
2020-04-08
","
2020-04-22
","已办结
"
保定市税务局,"
投诉
",河北保定弘德缘开发商挪用业主契税和公维,"
2020-04-08
","
2020-04-22
","已办结
"
保定市税务局,"
投诉
",河北保定涿州市弘德缘收契税却无房本,"
2020-04-08
","
2020-04-22
","已办结
"
保定市税务局,"
投诉
",河北保定涿州弘德缘小区开发商代收契税不退的问题,"
2020-04-16
","
2020-04-22
","已办结
"
保定市税务局,"
投诉
",河北保定涿州弘德缘小区契税缴纳2年  不办产权证,"
2020-04-17
","
2020-04-22
","已办结
"
保定市税务局,"
投诉
",河北保定涿州弘德缘小区开发商代收缴契税4年 盼退回,"
2020-04-20
","
2020-04-22
","已办结
"
永年区公安局,"
投诉
",河北邯郸市永年区公安局办案不公,"
2020-04-21
","
2020-04-22
","已办结
"
永年区公安局,"
投诉
",河北省邯郸市永年县公安局不公平,"
2020-04-21
","
2020-04-22
","已办结
"
沧州运河区公安分局,"
投诉
",河北沧州市绿之园小区和网通新区B座中间的小道会所扰民,"
2020-04-15
","
2020-04-22
","已办结
"
武邑县住建局,"
投诉
",河北衡水市武邑县东方明珠违规预售不退房款,"
2020-04-14
","
2020-04-22
","已办结
"
涿州市公安局,"
投诉
",河北保定涿州市腾飞大街中通转运中心车位紧张 工人车辆停车难,"
2020-04-16
","
2020-04-22
","已办结
"
涿州市公安局,"
投诉
",,"
2020-04-22
","
2020-04-22
","已办结
"
石家庄市公安交通管理局,"
投诉
",河北石家庄化工中路与东三环交口匝道逆行不断 没人管,"
2020-04-17
","
2020-04-22
","已办结
"
邢台市卫生健康委员会,"
投诉
",河北邢台从河南返回人员需要隔离么？,"
2020-04-21
","
2020-04-22
","已办结
"
石家庄市公安交通管理局,"
投诉
",河北石家庄高新区华山街峨眉街单行道乱停车 望严查,"
2020-04-20
","
2020-04-22
","已办结
"
部门,"
投诉
",河北沧州市新华区鞠官屯东汽车检测站早晨堵车,"
2020-04-16
","
2020-04-22
","已办结
"
部门,"
投诉
",河北沧州市永济路加装防护栏 四合家园和烟草宿舍居民盼开设路口,"
2020-04-22
","
2020-04-22
","已办结
"
保定市竞秀区教体局,"
投诉
",河北保定市竞秀区棉纺十栋楼适龄儿童无法就近入学,"
2020-04-14
","
2020-04-22
","已办结
"
献县公安局交警大队,"
投诉
",河北沧州献县五馆停车场内有车绕五馆有玩漂移 太危险,"
2020-04-07
","
2020-04-22
","已办结
"
国网沧州供电公司,"
投诉
",沧州沧县兴济镇电管站接三相电吃拿卡要 小企业被刁难,"
2019-05-10
","
2020-04-22
","已办结
"
石家庄市城市管理综合行政…,"
投诉
",河北石家庄桥西区长兴街道华普园4区交房一年未供天然气,"
2020-04-21
","
2020-04-22
","已办结
"
石家庄市城市管理综合行政…,"
投诉
",河北石家庄华普园小区4区何时供天然气？,"
2020-04-17
","
2020-04-22
","已办结
"
部门,"
投诉
",河北衡水红旗大街新华路口长期封堵 何时通车？,"
2020-04-21
","
2020-04-22
","已办结
"
国网沧州供电公司,"
投诉
",沧州金秋名苑小区没水没电 生活困难,"
2019-01-28
","
2020-04-22
","已办结
"
涿州市生态环境局,"
投诉
",河北保定涿州市开发区中国钢铁研究院严重噪音扰民,"
2020-03-23
","
2020-04-22
","已办结
"
邢台市桥西区住建局,"
投诉
",河北邢台市熙府大院五证不全 退房难,"
2020-04-14
","
2020-04-22
","已办结
"
泊头市公安局,"
投诉
",河北沧州泊头齐桥村每晚敲鼓扰民,"
2020-04-01
","
2020-04-22
","已办结
"
泊头市公安局,"
投诉
",河北沧州泊头市交警队换驾照必须邮寄 不能自取,"
2020-04-20
","
2020-04-22
","已办结
"
国网沧州供电公司,"
投诉
",河北沧州任丘正洛村突然梳理40多根电线杆 啥都不清楚,"
2020-04-21
","
2020-04-22
","已办结
"
石家庄市城市管理综合行政…,"
投诉
",河北石家庄桥西区开泰小区更换燃气让用户多掏钱,"
2020-04-22
","
2020-04-22
","已办结
"
三河市教育和体育局,"
投诉
",河北廊坊燕郊福成五期南区的孩子小升初属于哪个片区,"
2020-04-21
","
2020-04-22
","已办结
"
国网沧州供电公司,"
投诉
",沧州献县河街镇供电公司占耕地立线杆 不赔偿,"
2019-04-11
","
2020-04-22
","已办结
"
国网沧州供电公司,"
投诉
",沧州市新华区枫尚国际一期商住楼商电改民电却无凭证,"
2019-10-31
","
2020-04-22
","已办结
"
任丘市住房和城乡建设局,"
投诉
",河北沧州任丘雁翎西苑开发商使用劣质电表 1元一度电,"
2020-04-16
","
2020-04-22
","已办结
"
邢台市桥西区住建局,"
投诉
",河北邢台绿城诚园小区不能不动工 是否能如期交房？,"
2020-04-07
","
2020-04-22
","已办结
"
邢台市桥西区住建局,"
投诉
",河北邢台市珐琅印把保障房当成商品房售卖 不退钱,"
2020-04-13
","
2020-04-22
","已办结
"
邢台市桥西区住建局,"
投诉
",河北邢台中湖珐琅印买房三年没动工 也不退钱,"
2020-04-14
","
2020-04-22
","已办结
"
邢台市桥西区住建局,"
投诉
",河北邢台中湖珐琅印小区何时能取得预售证和交房,"
2020-04-16
","
2020-04-22
","已办结
"
邢台市桥西区住建局,"
投诉
",河北邢台博爵堡迟迟不交房 工程进度缓慢,"
2020-04-20
","
2020-04-22
","已办结
"
部门,"
投诉
",河北廊坊永清县不动产登记中心保安占用车位 辱骂他人,"
2020-04-16
","
2020-04-22
","已办结
"
部门,"
投诉
",河北廊坊永清县不动产登记中心保安占车位 辱骂他人,"
2020-04-21
","
2020-04-22
","已办结
"
石家庄市桥西区住建局,"
投诉
",河北石家庄桥西区良兴美嘉城何时能够交房？,"
2020-03-26
","
2020-04-22
","已办结
"
国网沧州供电公司,"
投诉
",,"
2019-05-09
","
2020-04-22
","已办结
"
邯郸市人社局,"
投诉
",河北邯郸市交通局通行费管理处克扣76个月社保求解决,"
2020-04-14
","
2020-04-22
","已办结
"
河间市人社局,"
投诉
",河北沧州市河间市安凯特电缆有限公司克扣工资 扣掉25%,"
2020-04-13
","
2020-04-22
","已办结
"
河北移动邯郸分公司,"
投诉
",河北邯郸移动用户携号转网要4万元违约金 设关卡,"
2020-04-21
","
2020-04-22
","已办结
"
石家庄市桥西区住建局,"
投诉
",石家庄市桥西区盛世御城四区的车位管理费是按什么标准制定的？,"
2019-12-26
","
2020-04-22
","已办结
"
永年区公安局,"
投诉
",,"
2020-04-21
","
2020-04-22
","已办结
"
石家庄市桥西区住建局,"
投诉
",河北石家庄桥西区鑫界九号院逾期交房 不动工,"
2020-04-20
","
2020-04-22
","已办结
"
石家庄市桥西区住建局,"
投诉
",河北石家庄市碧桂园天汇路口被恶意封路堵门 渣土封路,"
2020-04-10
","
2020-04-22
","已办结
"
石家庄市桥西区住建局,"
投诉
",河北石家庄嘉悦中心烂尾8年 希望能加入整治行列,"
2020-04-21
","
2020-04-22
","已办结
"
石家庄市桥西区住建局,"
求助
",河北石家庄桥西区振岗路116号居民停车没有一个车位,"
2020-04-22
","
2020-04-22
","已办结
"
石家庄市桥西区住建局,"
投诉
",石家庄市桥西区玉龙小区物业将建筑垃圾存放点移至居民楼地下二层,"
2019-12-18
","
2020-04-22
","已办结
"
石家庄市桥西区住建局,"
投诉
",河北石家庄天伦锦城3何时开工,"
2020-03-26
","
2020-04-22
","已办结
"
石家庄市桥西区住建局,"
投诉
",河北石家庄恒润家园交房 业主瘫痪儿女无法代办,"
2020-04-02
","
2020-04-22
","已办结
"
石家庄市桥西区住建局,"
投诉
",河北石家庄农建街18号老旧小区改造能否先把房顶改造了？,"
2020-03-31
","
2020-04-22
","已办结
"
石家庄市桥西区住建局,"
投诉
",河北石家庄京州科技城拖欠房款不退 购房3年没动工,"
2020-04-16
","
2020-04-22
","已办结
"
石家庄市桥西区住建局,"
投诉
",河北石家庄京州创新科技城项目购房三年不动工也不退房,"
2020-04-16
","
2020-04-22
","已办结
"
石家庄市桥西区住建局,"
投诉
",河北石家庄桥西区幸福城D区延期交房 未动工,"
2020-04-15
","
2020-04-22
","已办结
"
石家庄市桥西区住建局,"
投诉
",河北石家庄京州科技城购房3年多至今未动工 不退款,"
2020-04-15
","
2020-04-22
","已办结
"
石家庄市桥西区住建局,"
投诉
",河北石家庄市嘉悦中心7年未交房 售楼处人去楼空,"
2020-04-22
","
2020-04-22
","已办结
"
石家庄市桥西区住建局,"
投诉
",河北石家庄桥西区开泰小区更换燃气让用户多掏钱,"
2020-04-22
","
2020-04-22
","已办结
"
石家庄市桥西区住建局,"
投诉
",河北石家庄华府国际交房难,"
2020-04-22
","
2020-04-22
","已办结
"
石家庄市桥西区住建局,"
投诉
",河北石家庄市塔坛回迁楼办不动产权证收费1280元,"
2020-04-22
","
2020-04-22
","已办结
"
裕华区市场监督管理局,"
投诉
",河北石家庄德胜久居公寓物业公司收了租金跑路,"
2020-04-16
","
2020-04-22
","已办结
"
石家庄高新技术产业开发区…,"
投诉
",河北石家庄新都汇小区四年不办房产证,"
2020-04-18
","
2020-04-22
","已办结
"
石家庄高新技术产业开发区…,"
投诉
",河北石家庄高新区新都汇小区房本迟迟不给,"
2020-04-18
","
2020-04-22
","已办结
"
唐山市自然资源和规划局,"
投诉
",河北唐山古冶区金山首府房本何时办？,"
2020-04-17
","
2020-04-22
","已办结
"
唐山市公安局交警支队,"
投诉
",河北唐山大庆道卫国路东向西方向建议增加左转待转区,"
2020-04-21
","
2020-04-22
","已办结
"
唐山市公安局交警支队,"
咨询
",河北唐山报废国二小客车有补贴吗？,"
2020-04-13
","
2020-04-22
","已办结
"
隆尧县教育局,"
投诉
",,"
2020-04-20
","
2020-04-22
","已办结
"
永清县交通运输局,"
投诉
",,"
2020-04-21
","
2020-04-22
","已办结
"
东光县市场监督管理局,"
投诉
",河北沧州东光京北爱宠宠物医院无防控措施 不测体温,"
2020-04-20
","
2020-04-22
","已办结
"
任丘市住房和城乡建设局,"
投诉
",河北沧州市任丘上德世纪中心公寓期房停工多日 延期交房,"
2020-04-21
","
2020-04-22
","已办结
"
邢台市自然资源和规划局,"
投诉
",河北邢台高开区农村宅基地证上名字写错字 如何变更？,"
2020-04-08
","
2020-04-22
","已办结
"
邯郸市自然资源和规划局,"
投诉
",河北邯郸天悦名苑小区交房5年无法办证,"
2020-02-20
","
2020-04-22
","已办结
"
平乡县住房和城乡建设局,"
投诉
",河北邢台平乡县盛世名城小区道路坑坑洼洼 环境差,"
2020-03-27
","
2020-04-22
","已办结
"
保定市人社局,"
投诉
",河北保定市曲阳大学毕业5年 档案无法找到,"
2020-04-20
","
2020-04-22
","已办结
"
唐山市公安局交警支队,"
投诉
",河北唐山交警乱开罚单,"
2020-04-14
","
2020-04-22
","已办结
"
沧县住房和城乡建设局,"
投诉
",河北沧州天然气改造补助款未发放 何时发？,"
2020-04-14
","
2020-04-22
","已办结
"
运河区市场监督管理局,"
投诉
",河北沧州市富力开发商发布虚假售房消息,"
2020-04-14
","
2020-04-22
","已办结
"
石家庄市不动产登记中心,"
投诉
",河北石家庄博雅盛世部分房产未办不动产证 望解决,"
2020-04-22
","
2020-04-22
","已办结
"
唐山市自然资源和规划局,"
投诉
",唐山隆丰园不动产证迟迟不办,"
2019-12-04
","
2020-04-22
","已办结
"
廊坊市税务局,"
投诉
",河北廊坊市大家商业城房地产代收代缴的契税7年,"
2020-04-08
","
2020-04-22
","已办结
"
唐山市自然资源和规划局,"
投诉
",河北唐山市丰润镇天赐良缘小区迟迟无房本,"
2020-04-15
","
2020-04-22
","已办结
"
唐山市自然资源和规划局,"
投诉
",河北唐山丰润区金泰花园迟迟不下房本,"
2020-04-15
","
2020-04-22
","已办结
"
唐山市自然资源和规划局,"
投诉
",河北省唐山市丰润区天赐良园小区迟迟无房本,"
2020-04-16
","
2020-04-22
","已办结
"
唐山市自然资源和规划局,"
投诉
",河北唐山市丰润区后卫金都小区房本办不了,"
2020-04-16
","
2020-04-22
","已办结
"
保定市住房公积金管理中心,"
投诉
",河北保定公积金管理中心无法网上预约服务 不便民,"
2020-04-14
","
2020-04-22
","已办结
"
廊坊市税务局,"
投诉
",河北廊坊永清金泽地产开发商不给地下室开发票,"
2020-04-13
","
2020-04-22
","已办结
"
廊坊市税务局,"
投诉
",河北廊坊一企业社保退税走流程已近两年 至今未退回,"
2020-04-15
","
2020-04-22
","已办结
"
国网沧州供电公司,"
投诉
",沧州肃宁县后堤电管站购电效率太低了 只开一个窗口,"
2019-06-10
","
2020-04-22
","已办结
"
国网沧州供电公司,"
投诉
",河北沧州任丘市雁翎西苑二期新房让自费换电表 电价1元,"
2020-01-21
","
2020-04-22
","已办结
"
部门,"
投诉
",河北保定白沟新城街道下雨成河 建议治理,"
2020-04-16
","
2020-04-22
","已办结
"
运河区市场监督管理局,"
投诉
",河北沧州北京现代安捷4S店购车故障灯一直亮着 售后服务态度差,"
2020-04-14
","
2020-04-22
","已办结
"
阜城县自然资源和规划局,"
投诉
",河北衡水颐和华府小区没有房本,"
2020-04-22
","
2020-04-22
","已办结
"
邢台市桥西区住建局,"
投诉
",河北邢台市易融中心商铺无证预售 退房无门,"
2020-04-21
","
2020-04-22
","已办结
"
石家庄市桥西区教育局,"
投诉
",河北石家庄桥西区城角街小学要求全家信息让发微信群 信息有泄露,"
2020-04-15
","
2020-04-22
","已办结
"
邯郸市自然资源和规划局,"
投诉
",邯郸市万豪公寓购房10年 一直不给办理房产证,"
2020-01-06
","
2020-04-22
","已办结
"
国网沧州供电公司,"
投诉
",沧州永济西路安装变压器紧邻小学 太危险,"
2019-05-07
","
2020-04-22
","已办结
"
定州市行政审批局,"
投诉
",河北省定州市和力地产收取更名费,"
2020-04-13
","
2020-04-22
","已办结
"
国网沧州供电公司,"
投诉
",沧州献县尹店二分村街口电线杆即将折断,"
2019-05-16
","
2020-04-22
","已办结
"
定州市教育局,"
投诉
",河北定州市私立幼儿园不开学开网课 给孩子复习有必要吗？,"
2020-04-20
","
2020-04-22
","已办结
"
三河市交通运输局,"
投诉
",,"
2020-04-17
","
2020-04-22
","已办结
"
部门,"
投诉
",湖北潜江回河北保定有健康码 隔离是自费还是免费？,"
2020-04-21
","
2020-04-22
","已办结
"
部门,"
投诉
",河北廊坊大厂北新街与荣昌路交口工地夜间施工,"
2020-04-15
","
2020-04-22
","已办结
"
保定市住房公积金管理中心,"
咨询
",河北保定市徐水区住房贷款商贷可以转公积金吗？,"
2020-04-01
","
2020-04-22
","已办结
"
运河区市场监督管理局,"
投诉
",河北沧州龙岸清华地下室公摊百分之七十,"
2020-04-21
","
2020-04-22
","已办结
"
衡水市住房和城乡建设局,"
投诉
",河北衡水市泰华未来城一区交房半年多临时电,"
2020-04-21
","
2020-04-22
","已办结
"
石家庄市不动产登记中心,"
投诉
",河北石家庄新华区汇君城F区超期不办不动产证,"
2020-04-22
","
2020-04-22
","已办结
"
三河市自然资源和规划局,"
投诉
",河北廊坊三河后沿口村村民耕地违建房屋,"
2020-04-15
","
2020-04-22
","已办结
"
石家庄市不动产登记中心,"
投诉
",河北石家庄天蕴大厦不给办理产权证,"
2020-04-18
","
2020-04-22
","已办结
"
石家庄市不动产登记中心,"
投诉
",河北石家庄金嘉园小区买房10年没有房产证,"
2020-04-18
","
2020-04-22
","已办结
"
石家庄市不动产登记中心,"
投诉
",河北石家庄富瀛苏园北区房产证何时能下证？,"
2020-04-18
","
2020-04-22
","已办结
"
石家庄市不动产登记中心,"
投诉
",河北石家庄新华区汇君城超期不办理房产证,"
2020-04-20
","
2020-04-22
","已办结
"
石家庄市不动产登记中心,"
投诉
",河北石家庄长安区保利花园门脸房产证何时办？,"
2020-04-20
","
2020-04-22
","已办结
"
石家庄市不动产登记中心,"
投诉
",河北石家庄瑞府交房三年不办房本 望解决,"
2020-04-20
","
2020-04-22
","已办结
"
石家庄市不动产登记中心,"
投诉
",河北石家庄长安区盛世春天如何办理房产证,"
2020-04-21
","
2020-04-22
","已办结
"
衡水市住房和城乡建设局,"
投诉
",河北衡水翡翠兰亭强行交钥匙,"
2020-04-21
","
2020-04-22
","已办结
"
吴桥县人社局,"
投诉
",河北沧州市吴桥县举办选调考试不公开,"
2020-04-21
","
2020-04-22
","已办结
"
运河区市场监督管理局,"
投诉
",沧州市区办理购房按揭被捆绑收费,"
2020-04-21
","
2020-04-22
","已办结
"
部门,"
投诉
",河北衡水第一中学“阴阳课表”欺骗公众 课业重,"
2020-03-30
","
2020-04-22
","已办结
"
石家庄市不动产登记中心,"
投诉
",河北石家庄裕华区兰亭小院小区产权是什么？,"
2020-04-22
","
2020-04-22
","已办结
"
涿州市住建局,"
投诉
",河北保定涿州香邑溪谷人防车位没有产权 还只售不租,"
2020-04-16
","
2020-04-22
","已办结
"
石家庄市不动产登记中心,"
投诉
",河北石家庄长安区锦融尚御二期交房8年仍无房产证,"
2020-04-21
","
2020-04-22
","已办结
"
石家庄市鹿泉区住建局,"
投诉
",河北石家庄市鹿泉区水润华府楼盘迟迟不交房,"
2020-04-21
","
2020-04-22
","已办结
"
部门,"
投诉
",河北沧州市东塑北路明珠区小区废弃屋养大型犬 盼处理,"
2020-04-17
","
2020-04-22
","已办结
"
沧州市城市管理综合行政执…,"
投诉
",河北沧州运河区嘉禾一方三期工地施工扰民 影响上网课,"
2020-04-20
","
2020-04-22
","已办结
"
沧州市城市管理综合行政执…,"
投诉
",河北沧州大季屯村民占用绿地建菜地 望解决,"
2020-03-31
","
2020-04-22
","已办结
"
张家口住房公积金管理中心,"
投诉
",河北张家口市二手房不能办理公积金贷款 等了4个月,"
2020-04-21
","
2020-04-22
","已办结
"
青县公安局,"
投诉
",河北沧州青县交通警察大队违法处理室办理扣分需预约 电话打不通,"
2020-04-17
","
2020-04-22
","已办结
"
香河县住房和城乡建设局,"
投诉
",廊坊香河安平孔雀城大公馆经常停水停电,"
2019-12-16
","
2020-04-22
","已办结
"
邯郸华润燃气有限公司,"
投诉
",河北邯郸华润燃气用户对费用有疑问 望解释,"
2020-04-20
","
2020-04-22
","已办结
"
承德市人社局,"
咨询
",河北承德市社保卡是否可以网上补办申领？,"
2020-04-20
","
2020-04-22
","已办结
"
正定县自然资源和规划局,"
投诉
",河北石家庄市正定县天逸城小区可以办理房产证吗？,"
2020-04-22
","
2020-04-22
","已办结
"
三河市生态环境局,"
投诉
",河北廊坊三河市t阳镇小丁河沟村养鸡场污染空气,"
2020-03-31
","
2020-04-22
","已办结
"
曲周县公安局,"
投诉
",,"
2020-03-25
","
2020-04-22
","已办结
"
石家庄市公安交通管理局,"
投诉
",河北石家庄东南二环高架桥设置警戒线 致私家车拥堵,"
2020-04-21
","
2020-04-22
","已办结
"
石家庄市公安交通管理局,"
投诉
",河北石家庄市合规摩托车能进市区吗？证件齐全,"
2020-04-20
","
2020-04-22
","已办结
"
石家庄市公安交通管理局,"
咨询
",河北石家庄驾照信息注销必须本人到现场吗？,"
2020-04-20
","
2020-04-22
","已办结
"
永年区水利局,"
投诉
",河北邯郸永年永美家园小区私采地下水,"
2020-04-09
","
2020-04-22
","已办结
"
兴隆县教育局,"
投诉
",河北承德市兴隆一中网课没有休息时间 休息日成考试日,"
2020-04-20
","
2020-04-22
","已办结
"
邯郸市城市管理和综合行政…,"
投诉
",河北邯郸市自来水公司收费不透明,"
2020-04-10
","
2020-04-22
","已办结
"
邯郸市城市管理和综合行政…,"
投诉
",河北邯郸爱泊车乱收费,"
2020-04-13
","
2020-04-22
","已办结
"
邯郸市城市管理和综合行政…,"
投诉
",河北邯郸丰泰南区附近马路绿化树木虫子多 虫尿随处都是,"
2020-04-20
","
2020-04-22
","已办结
"
定州市清风店镇人民政府,"
投诉
",河北定州清风店北街房子30年出现漏水 是否可翻盖房子？,"
2020-03-27
","
2020-04-22
","已办结
"
围场满族蒙古族县扶贫办,"
投诉
",河北承德围场半壁山村南沟九组无路出村,"
2020-03-20
","
2020-04-21
","已办结
"
